Product_ID,Product_Name,Sales,Category,Price,Region,Date
085d0df7-b8b4-4fcc-bc18-98d9a7dc9212,exactly,609,Electronics,138.13,West,2021-04-19
b708c7ef-7005-45ad-aab6-feabe9d33227,keep,2,Groceries,208.85,North,2021-08-17
d12e61ce-df36-46bf-a1ff-aeb298348af4,table,553,Clothing,672.83,West,2021-01-13
0e172889-8a64-40c4-8e60-61d030d7288e,end,992,Groceries,478.52,West,2024-07-02
8bebfda3-3eb9-4813-a616-25548f686e6a,happen,833,Groceries,500.23,East,2024-06-28
0116c4fa-c4f0-413f-b07f-2429023ea4b4,weight,924,Groceries,490.0,North,2021-04-02
779853a9-7333-411e-81bb-4f1799fd15a9,happy,89,Electronics,394.55,East,2020-08-31
fb13342b-c146-4bb1-89e9-110cb076e032,prove,374,Electronics,359.83,West,2021-09-30
bc4be6f8-2b92-4aad-9a7b-fc998ef21221,into,193,Furniture,591.85,East,2022-02-21
89fc03aa-239f-45a8-a28a-da762eed1507,mean,924,Electronics,207.47,North,2024-09-03
c759fba3-dd29-49ac-8901-a5b9c684d626,remain,658,Groceries,140.01,West,2023-05-07
c206a978-14c2-4aa0-860c-34009db5cfd6,trade,942,Electronics,14.16,East,2024-09-28
9ee2cff6-fbb9-4eba-94c1-5c5dd82a7404,candidate,773,Groceries,25.68,North,2024-08-10
ce7c09a9-b5d8-4bc8-97f5-73412d03bf2f,skin,794,Groceries,485.89,East,2020-01-25
c365dff5-9d35-42f3-b878-c45e67b89460,reach,50,Furniture,605.68,North,2021-10-17
a69b4eb5-f6ab-457c-912e-0d31d98a58bb,edge,710,Clothing,115.83,North,2024-05-15
4d3394f1-40c0-4e2f-b612-c982d8d8903a,animal,220,Electronics,808.54,North,2020-04-12
4964c39f-e096-4a86-865d-4c770b46b797,relate,845,Electronics,325.17,South,2023-02-17
0609849b-4235-41ad-a68f-6deab6c8403d,those,813,Electronics,636.26,South,2025-02-02
037ef9a2-b3ec-47ea-8287-a3fa49c6b196,especially,487,Groceries,796.31,East,2022-03-14
a84f7df3-41cc-4529-8808-0a17553764df,question,871,Groceries,882.97,South,2021-09-04
af3474ba-3cf7-44e6-a449-38f8af92e2a8,section,200,Clothing,622.53,South,2024-09-03
dd05562a-a59f-490a-9ed6-395e56d174ba,huge,287,Clothing,69.41,West,2022-04-03
b1b7f3c4-75f1-4a64-9fe5-47442cd08864,indeed,621,Electronics,491.22,North,2024-08-29
d294c1ea-d049-47d9-8fbe-6d185130908e,only,487,Furniture,669.67,South,2021-09-29
7d74a730-5e00-4e18-9fb6-aae51209d3ec,when,255,Groceries,57.65,West,2020-10-18
7827d555-bd1f-4303-8657-c29df166f4c7,necessary,206,Clothing,483.5,West,2020-02-15
2fc3582e-0489-4d20-9b1d-bb60cba03d9f,series,67,Electronics,536.53,West,2021-05-29
bd3c89e7-70bb-4427-ad90-c718b775d334,suffer,926,Clothing,788.93,East,2021-03-14
e25adf2a-7514-4907-bcea-d4ba1b6641c8,seem,886,Electronics,539.35,South,2022-01-21
67eea066-cb90-4937-98bb-bda1a5a9b4a5,process,501,Clothing,723.85,East,2024-02-23
8312dd6d-fe45-4b40-9a1d-14b18d403e1c,though,54,Groceries,231.82,East,2021-04-27
f67e8717-4f04-4325-abaa-16ef0457492f,interesting,26,Electronics,408.35,East,2021-02-05
3a2a8601-7cf5-495d-acea-efa3345bc604,himself,213,Electronics,323.54,West,2022-10-04
154e5049-b4c9-48bd-9892-58a0aee94294,attention,774,Groceries,693.82,North,2021-05-29
8be380d9-6b3d-4f47-b73a-074cc1668cc2,century,116,Furniture,822.47,South,2024-11-12
404df93b-c736-40fe-82e3-48c56ec951b2,growth,827,Furniture,265.84,East,2023-04-23
20936bff-fd08-4b15-adc4-8be3de7e226c,should,784,Clothing,240.18,North,2022-06-25
320c37c1-23e1-406c-9067-57665cd5a341,probably,400,Electronics,235.8,West,2020-08-12
1b83d3e1-d5e3-4156-860d-511ed0d41da1,court,198,Groceries,155.76,South,2023-06-13
2d3884db-6b08-486a-89ca-94861a6d6a54,toward,186,Groceries,338.11,West,2021-02-03
40fd3a7a-3098-48d2-9566-a5ae7c2841b2,past,485,Electronics,66.9,East,2023-07-27
50b2230d-69c5-449e-bbde-ba5c8ae0d207,able,55,Electronics,681.19,North,2023-09-04
fc5dbaae-3582-452f-80c9-f6766b16a20e,boy,770,Furniture,492.88,North,2020-05-15
36a6552a-445f-4049-9a94-3407cd18d4dc,because,465,Electronics,622.66,South,2020-02-03
61292b1d-fe76-4ef0-bec1-de14b1bb4154,choice,914,Electronics,810.98,South,2024-11-12
4f9e8af9-d004-4774-8323-ae9bbfad5a6f,of,935,Furniture,765.02,North,2022-02-19
a61d5acd-b0a9-4a7a-93f5-b48dd8fecc4a,wife,961,Furniture,120.58,West,2021-07-31
40dc8d69-23cd-49f0-a2e4-4c75d6c06691,treatment,18,Clothing,222.89,East,2022-07-28
90600a5b-3f1d-451c-a2fe-6437cbef3857,fund,177,Electronics,799.11,East,2025-03-31
d00c29fe-6c09-4d2d-97e5-37aa839764b3,family,300,Electronics,654.91,West,2022-07-22
b8dafb8a-3224-41c4-80dc-351b41f37c09,trip,860,Groceries,135.21,West,2021-08-15
9889e4ab-9175-4fd1-9eb5-48c8ef84906f,develop,289,Clothing,478.92,South,2020-09-22
71f57758-ad43-4c15-8a99-b523f978b3b1,meet,844,Clothing,664.57,North,2021-04-30
a2931972-1e92-4b73-816c-08800f04f4b4,reveal,999,Clothing,832.29,West,2021-08-30
e1202ac4-d616-4748-9fd7-8420584afc72,trouble,71,Groceries,897.18,West,2021-03-04
9af68dd1-829f-41ad-b75c-08ed08f56631,ball,974,Clothing,89.38,North,2024-09-12
1c7fba7c-83c9-4476-bb91-9b9a4145e447,grow,89,Groceries,983.82,West,2023-05-24
0c9307bb-ecf8-413f-9b97-419bdf302899,answer,506,Electronics,165.06,East,2024-11-30
f50a5472-6bef-4a3f-b849-edbc186f1328,process,68,Electronics,519.05,West,2024-04-22
44e093be-7ee5-49aa-b924-cf651a0a79e8,around,820,Electronics,145.61,North,2023-10-31
0abb48d1-db24-4ad7-83e2-ec3c13918ba8,professor,588,Electronics,583.65,North,2020-01-14
481001ac-539a-48db-83b5-9751871fcdc7,ok,70,Electronics,767.44,East,2021-04-24
be8eb3e1-149e-4e04-a509-d06ba5066276,figure,491,Furniture,349.19,South,2022-01-01
9f08ac77-be08-4ce8-a7f7-0815813a227e,most,74,Electronics,974.4,West,2020-07-21
4f00ce80-5122-4001-b773-7ae33f475f3c,end,638,Furniture,650.42,East,2023-10-05
4d969638-e2c1-472d-bf41-65889cdc4a7d,notice,61,Clothing,846.61,West,2021-09-19
6e75e77e-bc36-419a-9a9d-776c7ef259bb,cut,955,Clothing,95.61,North,2025-01-25
9a16f9f1-743a-4793-b36b-3fd91416d9c9,evidence,388,Groceries,144.42,South,2024-06-27
3f45768c-9592-4939-9df5-13ad2d6f39bf,mission,308,Groceries,838.02,East,2023-05-11
a7420f02-3668-406a-b0d9-0694f42087e9,feel,473,Furniture,373.29,North,2021-11-10
272f839c-0dfc-46a1-b2da-30f7a3a0b586,behavior,714,Clothing,500.0,East,2022-09-30
9120a6aa-4a5c-4f9e-bc75-e2d39e958359,security,111,Clothing,950.1,East,2024-12-29
82249904-1c44-4d0e-a1d8-4b040e593522,quickly,981,Clothing,674.62,South,2023-05-22
6ea01f23-2029-4d78-a159-799b7621b99e,avoid,294,Furniture,832.88,South,2020-04-24
12c6678e-410d-4786-88d0-6def9b158ce3,security,575,Electronics,366.59,North,2021-09-28
5c456626-f649-493d-9f0b-06fa9b5000ad,garden,219,Electronics,750.15,East,2025-03-24
75b011ee-aa15-4657-a781-58e2c326ee7e,concern,301,Furniture,540.9,East,2020-07-02
f519690d-db67-42b1-8bc9-5d0e99cfe344,different,674,Clothing,820.44,North,2022-03-14
84527ac2-3587-476f-b6a1-ea41eadc09d8,experience,435,Electronics,231.16,North,2024-01-22
3fdd0f3a-5744-4c23-8679-8c6cf33d2568,claim,303,Electronics,404.67,South,2021-04-06
99b615e3-e5c8-4b72-a1d8-7707407a2412,exist,169,Electronics,588.64,North,2023-03-05
4bb8727f-7e8a-4216-adad-41875059281c,government,753,Electronics,149.98,East,2022-02-05
af642b02-be6e-4d94-85ee-c742087194bd,wrong,594,Clothing,87.99,North,2020-04-03
e6fad821-c278-40c8-8559-1903aed38df4,data,825,Furniture,732.89,North,2020-02-04
2422cb61-dc7e-4d5e-a655-b6db8da878be,rate,897,Groceries,806.36,West,2021-09-22
6a707f36-5e13-4693-8130-58a5876b3177,space,523,Clothing,584.58,South,2023-03-06
976c7d22-9779-4b54-a3cf-67a1e1a98e54,responsibility,591,Furniture,758.3,East,2024-07-29
ad1fc2e7-167b-41f2-809d-c70f328ea815,line,895,Groceries,299.21,North,2020-01-18
a94ff7b6-b6f9-43ab-8758-bae26e8a5b21,red,602,Clothing,419.07,East,2022-04-30
e6a6b4bb-6127-4a5c-b5e5-5bb51660a766,thousand,469,Electronics,641.18,East,2025-02-18
485bd11f-3a80-44bf-a60c-130b95431617,concern,944,Clothing,277.6,West,2020-03-02
844c9ae2-7225-439d-ba0d-128b26a75c59,pull,802,Groceries,126.96,West,2020-07-16
9d15f9f6-afec-41ca-b802-18c775e5327c,any,367,Furniture,186.91,North,2021-04-15
b04334f4-0642-481e-96d5-468dc16fc115,walk,701,Electronics,244.46,South,2022-10-24
cdd25d85-2710-455d-aa43-f03c1da52455,every,766,Clothing,86.83,East,2023-09-22
8f41c114-c795-4018-9353-dcf38d03e0eb,air,38,Clothing,82.19,North,2023-03-12
d90a1388-432f-470d-a32d-309b29a5f601,both,297,Clothing,660.04,West,2022-01-17
ef4ae935-bee7-4204-9e33-19c46b03ce66,money,677,Clothing,472.1,East,2022-06-18
7a569260-dbff-4fd6-a9ca-a9d9493fd65c,Democrat,387,Electronics,14.86,South,2023-09-24
dec871b8-c6de-4596-8ba7-433961c98695,head,406,Clothing,197.56,West,2020-01-17
1101d9db-e256-43f3-9197-c7ae2b74ac42,we,555,Groceries,456.26,West,2023-05-27
a4438df6-2ebb-4c23-a7f0-a2350de12692,quality,644,Groceries,70.28,East,2021-08-15
d63cbfaf-3cc8-44e9-8ecc-192007446f64,figure,990,Clothing,315.05,West,2024-07-31
1b8108be-8f44-4045-a871-f5685b29b3a7,much,640,Electronics,930.44,South,2020-08-18
0dfd1695-9754-4b24-8dc5-235401c5430c,describe,744,Electronics,243.64,South,2023-01-01
72ed7147-d812-42ef-a187-15a936b5d2f3,magazine,928,Clothing,495.06,East,2023-12-05
1d272185-62f4-4d17-b34c-82853fdb851e,glass,567,Electronics,894.2,South,2024-09-16
8ae56a3a-9e89-439f-9f8b-ecb5119adf16,blood,378,Furniture,959.12,North,2025-02-27
20be948f-9d22-4be5-99c3-ab282e8060f6,represent,435,Groceries,487.79,South,2021-11-13
b5dcdffb-65ff-4bad-b844-ccff9a5fed43,one,641,Electronics,960.69,East,2025-02-19
e2f5d2df-fa4c-42b0-9f1c-d3b75928982a,fire,523,Clothing,530.73,West,2022-03-06
60a58f0f-72c8-4530-9bdf-74cc17d60f4f,eat,344,Electronics,968.68,West,2024-01-29
74cc6ce4-96cc-426e-8a29-ed3f94d01482,the,33,Groceries,950.86,East,2023-11-18
33e35fa0-6c39-4f61-a6da-a0a46696b99d,eat,765,Electronics,656.75,West,2021-06-10
6adeb3d9-a047-48a3-b094-97618f49ed3b,meet,122,Furniture,184.3,South,2020-10-13
e86cf38a-cad2-4b86-9278-857e0410b083,her,892,Electronics,858.7,North,2022-12-21
533ae3d3-b9d3-4848-b00e-fc65133730f6,production,77,Clothing,528.43,West,2024-03-16
f43968a9-2a44-4fa7-88c8-ad47fcf06aa9,beat,486,Furniture,956.05,West,2022-07-07
30052e60-eb9d-4db1-bae1-55e8261045d9,three,72,Groceries,717.99,South,2022-12-01
cffc913d-43b2-4b5f-ac1d-31e2cc6ee5d0,prove,352,Clothing,476.42,East,2020-08-11
deb135ed-2411-4e5b-a328-ec3aa5ab0be8,paper,664,Clothing,806.46,South,2022-08-08
e92e2e8f-60de-434b-b017-87ed397d8cba,must,368,Furniture,699.07,North,2023-05-27
0a924f57-2a49-47ce-a314-53146e6271e9,between,800,Furniture,418.32,North,2024-12-18
3e0bd12e-1d45-4146-b098-55110df0b696,candidate,63,Groceries,989.01,East,2021-05-02
b23666da-f006-4347-968b-926fce1888f6,art,725,Groceries,522.68,West,2023-12-05
34f89191-2503-447e-8f80-a07e4a39dd92,area,780,Electronics,949.8,East,2023-01-22
b5d80aff-96b3-4fd5-8d60-4b82528581ad,short,276,Groceries,501.23,West,2023-06-09
1437de35-9a9c-4669-8183-dec6d87beacd,card,189,Clothing,51.09,North,2020-12-08
7965cac0-2e90-4611-8a89-6dc5d38d24f4,moment,870,Electronics,783.43,West,2021-06-07
833eb0ee-bce0-4327-96d2-f7ff3c58cf49,important,301,Clothing,261.92,West,2023-06-02
797578f6-f1b8-4851-8bf8-d05aa89ee392,put,302,Groceries,876.29,West,2023-11-25
55e96a62-2061-4add-a6ed-fd27825d7ec7,attention,428,Furniture,607.32,North,2023-07-19
1ac5d486-a8db-4ce3-9da1-19f37654b695,agree,899,Electronics,348.18,East,2020-08-26
b8ccc214-d508-426a-bb3d-f424f775b158,laugh,146,Clothing,756.89,East,2023-12-01
93eb1e9e-318d-4885-95c7-b3d09d4251d6,model,630,Groceries,697.27,North,2024-05-21
16d9c4c6-cc93-472c-bb77-0c5fa71622e3,soon,27,Furniture,798.84,North,2022-12-07
328ca389-2aa8-40ee-87bc-f51931559f01,network,540,Clothing,726.69,East,2022-01-29
fd12f768-4b4b-49ad-abfe-928840f9140e,ten,122,Groceries,731.59,East,2022-06-27
8d527c84-eb52-43f7-8d70-212cf0ec5eaa,certain,649,Electronics,867.03,East,2021-06-03
0f2747a4-a6f3-4309-ad43-72778e6c29e2,include,510,Clothing,363.9,West,2024-12-18
f48bc7d0-5ee3-41c4-85cb-3b827dd1fa9c,quite,508,Clothing,173.75,West,2025-03-20
58dc01d2-f1b4-456c-ba50-c546055e51b4,hair,11,Clothing,800.04,North,2022-12-14
42d953a3-bfca-45d4-83d5-6eb6240e736e,commercial,641,Groceries,134.94,North,2020-08-14
32e73717-b381-4173-8420-15e91079cbd5,sport,495,Electronics,486.16,East,2020-11-07
f739524a-ab89-420d-adf6-71f39393ea8c,mother,562,Furniture,325.69,West,2023-03-21
635bf7e7-5b25-40a8-a3fa-16ee271fcc3b,feeling,9,Electronics,755.66,South,2023-06-30
7cfb40fa-9357-4e4c-8a53-65138a5d2b6e,morning,678,Clothing,773.23,South,2025-01-22
416209fc-7b86-49dc-8a82-1a1aaf9d9cc2,including,63,Electronics,911.62,East,2022-01-07
2df60648-143b-4d20-8d62-48e28ea6ea73,record,226,Clothing,134.85,South,2023-05-04
8c89c321-ad8f-47d4-a438-e289f3f41b0c,child,117,Electronics,770.17,East,2023-12-28
917b1447-844f-4d5a-8b27-22baa624a3e5,baby,821,Electronics,153.61,West,2022-02-20
f3a9629e-7665-45d3-abb8-75b98dc53b53,likely,553,Furniture,156.53,South,2023-04-11
291a07fa-b7b7-43c8-8717-3888cbb4d0c0,feeling,2,Furniture,837.83,West,2020-08-04
d5fec9c3-bdc7-4981-806c-6b5a7ff281eb,nor,1,Electronics,883.56,South,2021-02-11
e0e3a8c6-1686-4606-9e2f-c3b3dd09e6c1,conference,693,Groceries,771.7,South,2022-09-22
153a523b-a554-407a-9b4a-d4db7c907da6,minute,731,Electronics,44.43,East,2023-04-19
6068fdf3-df45-4c86-8cbb-cc6213082ded,discover,795,Clothing,662.77,West,2021-07-04
b81a9564-10bd-48d9-b477-50e2cc153f63,office,718,Clothing,605.93,West,2022-05-23
25859d36-7422-4a8c-9a7a-40ed41c8674b,step,139,Furniture,962.38,West,2024-05-14
caf297e2-6a84-4851-9886-6f6054cc3589,short,115,Clothing,168.9,East,2021-10-09
a402c885-2bbc-4770-98ec-5797a0b46060,rest,8,Electronics,45.97,South,2020-07-07
3244a79a-8d5d-4684-ab8f-c3186e804369,seat,86,Clothing,614.69,North,2025-02-14
b57b0af2-b71d-425e-b0c4-fbd6f8edb5c4,coach,749,Furniture,97.82,North,2021-06-26
31bf2806-4e24-466a-960f-971b1ed46248,after,523,Clothing,219.26,East,2024-03-19
70eff74a-6801-4122-82c9-dec204efad54,power,491,Groceries,280.16,North,2023-10-29
395785c5-c186-4107-a29b-d60d32783009,answer,516,Groceries,279.64,South,2021-10-11
f5033169-b805-4526-b765-cb2fbac5b95c,bring,3,Electronics,796.84,South,2024-01-07
aeab3d27-9537-49f6-bc1c-18ce3161b8bc,animal,528,Groceries,184.07,South,2023-01-03
8b0e34d8-1a33-48d8-a543-c129e136af38,themselves,410,Clothing,446.98,East,2021-02-18
5d25a50d-ce2c-4daf-bf34-e96446f8c112,very,271,Groceries,534.34,West,2023-03-17
a41f70fd-22d2-4c05-aba8-8a92c17ad393,main,310,Groceries,518.71,East,2024-07-23
faff00e5-ef30-4e02-85dc-7276c2ab55cf,smile,992,Clothing,176.71,North,2024-11-05
f18b8d26-3ee6-4a26-a272-cdf10304f053,sign,946,Furniture,858.45,West,2023-12-01
8ea58f4b-b434-4db4-b493-9a9da149e6c0,top,154,Groceries,642.08,East,2023-12-06
4196fa6f-6f7b-4702-9fc6-5700692472ac,direction,657,Clothing,169.24,South,2024-11-26
bea71d4b-5264-483c-89d8-b573cc792a71,sign,655,Electronics,27.82,North,2022-01-12
a6ed941d-64bd-4b9a-9cbc-6bddc926a983,very,712,Electronics,296.32,East,2023-07-04
8706ae03-2a4f-4a9e-8ed2-1519aac5f2b0,music,154,Electronics,848.11,South,2020-03-13
54757611-4b27-4c81-87b3-a1db8aecbfad,shake,233,Groceries,892.66,West,2020-08-26
60ca7df1-dd0f-478f-b538-0acb3460f59c,each,829,Groceries,716.06,East,2020-11-19
e6d782fe-9e4c-43a6-ad06-4c406fcb69c4,attorney,859,Furniture,859.75,North,2021-09-06
c10130b0-93fb-451b-ac20-8d59971ccde9,while,806,Clothing,274.18,East,2024-12-07
ca046eb4-8928-4ab8-b8ff-2417f5527259,truth,897,Clothing,562.92,West,2022-05-03
735fd4c7-f17d-4fcc-83d9-c77dfe7aba5c,act,212,Electronics,560.74,North,2020-12-24
53c165ac-7b32-43f5-b00d-17f8ab00fabf,able,798,Clothing,774.57,West,2022-05-31
6c7c1350-89f2-4d63-8bc9-3f5c5e5aa134,improve,641,Electronics,63.26,East,2024-01-28
9992fd8e-8c1f-476e-831e-8a59c7dd3bd2,number,242,Clothing,259.6,East,2023-09-24
f70eda10-32b6-40d4-823c-4cefbc293148,any,294,Groceries,214.87,South,2025-03-27
04b02498-5cc9-46e9-9634-a3eda29a178a,window,872,Furniture,962.97,East,2021-03-08
ac42c376-3e07-4bcf-9c45-64972539cda5,miss,607,Furniture,375.11,North,2024-04-13
279ce1e2-f0e9-43c2-b05a-7f457cfb43dd,enough,139,Electronics,817.48,South,2022-04-02
16b62ae0-0877-424f-abd6-17bcf722536c,senior,599,Electronics,421.89,South,2021-11-29
d64b222b-18a0-46bc-8a25-ad04e81b68ec,policy,54,Electronics,581.72,East,2022-09-13
f50cbdc6-c413-4291-b6f5-1ab4a0874d7d,vote,776,Electronics,195.34,West,2024-12-25
59a57849-1d63-4425-bf72-6ab1aa0952dc,star,45,Furniture,849.57,North,2024-02-26
3be4931d-2567-46e7-86c7-ab635f3c8d5d,inside,541,Furniture,838.2,South,2022-02-07
91957991-ca2e-4971-a93f-b8a6c4c57ea9,must,957,Groceries,223.36,North,2024-09-23
546a471a-6c2b-4c5b-b1d7-38c4fae870dc,mention,331,Groceries,306.29,North,2024-09-29
fa44515b-854d-4474-aab3-6b01cc0f5820,world,326,Electronics,478.62,South,2021-08-29
29773007-f5da-46cd-ba9f-2dcdb929a325,live,999,Furniture,170.63,West,2020-12-01
a9e559ed-b4da-4bdb-a2c4-612b9a839343,wind,53,Groceries,201.85,South,2024-04-21
d5478583-0c7d-4864-8731-8c011e90054b,play,506,Furniture,895.84,South,2022-05-08
bc9331ba-d74b-4a7d-989a-6310ac082881,expect,801,Groceries,902.13,East,2020-10-13
4918476c-20f7-4224-8246-02f01a58e72c,drop,421,Clothing,378.73,North,2023-12-03
e43c4e14-e65a-4b62-b144-3766d3bc7617,sort,294,Groceries,132.61,West,2021-10-16
d4df6ce5-a601-45dd-a2e7-e54fbeb90bb1,organization,827,Furniture,90.25,North,2023-12-08
6bb51fcf-23c6-4d4f-ae9e-02d01f16ada8,wonder,168,Furniture,606.56,West,2023-05-20
66aefc99-3c60-4834-b320-bb29771dce7f,hope,339,Groceries,946.35,East,2021-02-03
5d4f5ab7-b209-40aa-ac1a-7de7690c522e,analysis,402,Furniture,741.85,North,2020-08-21
2aea76c3-89e5-4fff-b9fa-84de1bdb0edc,act,249,Electronics,397.29,North,2024-01-06
38ab2783-a08f-4a22-a7f9-2d397cbde014,fire,584,Furniture,787.78,North,2022-12-01
7501fc0c-0a9c-415d-be0b-6ede4b324471,smile,312,Furniture,56.13,West,2022-02-26
1037a8b9-06d2-4db8-a392-bc7373f1f48c,him,713,Clothing,470.39,North,2021-11-23
04eb7e77-bb77-441c-afb3-1892370e8774,art,620,Electronics,468.44,South,2023-02-08
620293de-d8d0-4b30-a400-7360ad335e9d,significant,644,Electronics,803.62,North,2022-10-30
874b149b-c3cb-4a0c-8623-5021db5f3e8a,cause,703,Groceries,127.67,North,2024-05-15
24bdc13c-7da6-4a40-b21f-3c18dabb5a46,popular,905,Clothing,944.97,North,2020-10-29
918b5bb1-c93b-45fe-9285-5a218c799315,yourself,566,Clothing,921.64,East,2023-03-15
32e5f7b6-189a-41b7-b2dd-e0f2f444eb4e,prevent,824,Electronics,324.98,North,2023-07-06
3ad3940d-6b4e-4649-a07a-a3afa0cbcb4f,nearly,188,Groceries,203.25,East,2022-10-14
9dbd436e-cfab-4345-98ef-7c81951979ab,want,16,Clothing,824.03,South,2023-11-05
009ccf20-9f22-4b3e-b167-432711dc5ed6,guy,719,Groceries,900.0,South,2020-09-19
8229b542-fdcd-48a7-b3f2-d6bedcafbf21,day,421,Clothing,614.32,East,2022-06-24
1c387cb5-6938-4385-8479-37b93a5db91f,around,930,Electronics,239.15,West,2023-03-14
276bf1da-0642-4d0c-9db0-f352843710ad,new,328,Clothing,62.04,North,2022-05-11
567c0835-c467-4c97-b26d-ca43d28561f9,tree,932,Clothing,664.9,South,2024-05-09
ee742e9f-a4c7-45d4-bb48-327f30823c9b,who,932,Furniture,191.33,South,2025-03-08
3d5468b6-b85e-418f-a4ba-ab2c652b776b,author,56,Clothing,284.98,North,2024-06-14
76a9c9ea-bd70-4717-8155-d16c8bb856cb,for,137,Clothing,394.37,West,2021-04-02
683e2d99-5824-472e-925a-4e18661e87fb,yet,348,Clothing,13.82,East,2023-12-16
a28d387c-75b5-4694-baae-e10271552cfd,rather,775,Electronics,77.61,West,2021-08-30
b056d3d8-ab25-4e35-8208-aaf78bd4e36e,tonight,124,Clothing,18.2,North,2020-11-20
6b405091-8a72-40d8-80a9-3d704a1ccb7e,choice,699,Groceries,511.32,East,2023-11-08
ad203223-426a-4aff-9320-ee458ca023f7,own,605,Clothing,109.91,East,2022-10-25
91ad1684-5d9b-4906-acc4-5d10b1765316,him,575,Electronics,796.66,South,2024-11-08
2d8410da-a2d2-4494-aa35-3be4ddcd9c7e,big,601,Clothing,661.07,South,2022-02-28
f629fb9d-691d-4ff9-9f44-c45a1724c0a9,smile,941,Furniture,585.14,South,2022-08-23
2b42e399-51d0-43be-9f50-c2fff8d97db2,believe,636,Groceries,134.87,South,2021-09-17
3a690fb0-774e-4662-91af-a10b04568c76,break,789,Groceries,591.27,North,2020-01-02
3fb81988-d161-4948-885f-e476028ec089,focus,733,Electronics,148.09,South,2025-02-04
25874d44-14a4-45fa-bfc9-824ef85c49b5,discussion,149,Furniture,211.35,South,2022-10-26
f82bf27a-5408-4ce5-9a45-293e51420fd8,seek,516,Electronics,350.37,East,2023-07-26
b297bec5-5838-47dd-8a9a-c27a6f769c30,eye,44,Electronics,329.94,North,2021-02-24
8b2b2818-ea7b-49c6-a7e3-9603409f7fc0,although,789,Groceries,747.96,South,2023-07-18
b029aa7e-35e0-46db-b8ee-796045fbedfc,focus,233,Furniture,257.37,South,2022-01-16
770bce31-b1a2-490a-b105-f660710b1bc5,say,608,Clothing,924.51,West,2023-11-26
fa75e978-a41f-46e8-af59-0901b5dd6db4,parent,322,Groceries,434.18,North,2022-03-10
0a0d2733-843f-40a8-9f58-f1aadaa97841,thousand,797,Furniture,875.2,East,2022-08-24
60a0d974-9d42-49e2-8407-70c090fd2f6c,girl,416,Clothing,129.09,West,2021-04-14
c19dd2d6-0fb9-494c-93e6-039f57532ee0,bill,619,Groceries,435.69,South,2024-12-26
3988a3d7-cdca-44f3-aa44-30f1a863a6ce,lot,768,Groceries,824.41,East,2024-05-30
9ae0f159-c1ec-4b03-a1c5-504a26cb7cfb,interview,927,Clothing,530.24,South,2023-07-30
8d1a81f8-8f56-4f0a-90ea-b44e9b5e1ef9,brother,708,Groceries,213.28,East,2022-08-05
263e623a-01f1-47f1-9076-165161028da1,practice,425,Groceries,152.43,West,2023-06-07
78266afa-b0af-49a2-b0f6-4895992b23c7,glass,746,Furniture,239.36,South,2020-12-28
8240b749-521d-4752-b5b4-185c2a2d53c4,security,853,Groceries,182.48,South,2020-11-08
1e1becbf-fd71-4084-8692-82a41ccc3f4b,vote,467,Clothing,705.35,West,2023-06-05
65ad9f94-32bd-48a0-849d-640633432eac,language,625,Furniture,880.03,West,2022-02-15
48778937-dead-4ba5-ae96-d0a9b6ada041,final,997,Groceries,191.67,West,2021-11-07
f3f75aa0-6529-4e52-b27e-a62238c651a7,task,582,Clothing,229.51,South,2021-12-30
caa59e23-863f-4d9b-97c2-f30f1cef939e,indicate,546,Electronics,577.12,North,2024-12-01
aaf20f07-c269-4542-8607-4982e94f607c,across,249,Electronics,326.46,South,2022-10-25
b2d58780-0351-4b94-b451-a94ce1587ed1,trial,8,Clothing,219.46,West,2022-06-28
5eb02c66-be75-4a64-8f14-6826918e8513,lawyer,937,Groceries,381.66,West,2021-08-13
39147105-15fa-439c-a47b-dbfb32b01a2b,even,744,Electronics,661.21,North,2021-09-04
3725b7b7-b0bb-41b2-b3b5-69f6b8ab12e9,likely,451,Furniture,684.79,North,2022-06-20
a00a9b41-99ee-4e45-a9f3-e39645e5e4f4,special,41,Clothing,734.57,West,2023-06-27
9f29490c-9b74-4824-a743-dc867c7c1887,hotel,81,Electronics,291.52,East,2022-05-03
98a1406a-7799-4774-9d43-f714d1a91480,pick,372,Furniture,73.96,South,2024-08-28
6adcbab1-788e-4a35-99f8-efa56ef41e33,help,57,Clothing,16.22,West,2020-09-14
e4e052b8-09af-4a35-8aa1-809b8dbeee4e,argue,906,Groceries,725.46,South,2023-10-22
259e61e5-687e-4196-a9e3-09530384edc8,hear,441,Furniture,954.42,South,2023-02-09
6aade5e1-dd1c-4806-ac34-0eb05f424c74,health,240,Groceries,106.19,South,2020-03-03
8cbd3613-8e8b-464b-89aa-591f26335a29,animal,721,Electronics,288.14,North,2020-08-01
b58a81de-b074-477e-b06a-5a5e5e834fc9,consumer,960,Furniture,258.28,West,2021-06-21
9f0c2098-7d1e-4dd9-9177-6384b57b25b4,goal,641,Furniture,534.81,West,2020-01-12
76e3b05d-a562-456e-9f51-77724206562f,unit,776,Electronics,47.67,South,2025-01-28
b3abb8a7-e7ca-411c-8009-455aee48cfd8,top,927,Furniture,198.63,North,2021-12-05
fbf67b06-9aed-4431-ace9-a5565ff8a268,learn,637,Furniture,682.42,North,2021-11-25
55e30eb6-bfca-4db0-b7ac-5d547d2e0301,beautiful,43,Furniture,673.49,East,2020-03-23
4c05af91-4219-41a9-a5b9-243e88f2e135,off,79,Clothing,877.3,North,2023-11-06
f54bf830-b622-4190-8144-9b9f3e0e814e,simple,717,Electronics,807.62,North,2020-04-30
22772a6a-2727-4a64-a1b6-1d52c43145ef,certainly,255,Groceries,542.95,North,2021-10-02
e911f22e-a6bd-42e8-a445-8d98ef55bf82,every,566,Furniture,505.5,East,2022-07-30
9eee355c-62f0-403a-a44c-16710a66e728,network,849,Furniture,57.0,South,2023-04-18
b996a469-27f1-4a7c-b4e4-d02931a70d43,kid,262,Electronics,621.85,North,2024-10-02
6a7c6dc5-5bd2-4a99-abb8-76de74dad641,nature,668,Electronics,930.3,West,2022-04-28
bbcef884-3da6-4ef3-b5c6-64850de57e49,law,779,Furniture,450.05,South,2023-01-07
74be0fd5-8607-47c2-a989-2c3e0de6e008,rather,266,Electronics,664.35,West,2021-02-12
dab49282-ee13-41d0-b478-f3e265456c1e,student,322,Groceries,783.0,South,2024-11-11
fd00f362-cc2b-4df9-a26f-1faf0c505239,of,357,Clothing,754.78,South,2024-01-11
d22d5875-93db-4c50-a9d6-1dca43c46871,number,833,Clothing,173.59,North,2023-06-09
e0dd607e-6777-4b8e-9cc5-1e9fcd2ae1a6,against,662,Clothing,384.65,South,2023-09-14
df73b7a8-3fae-4382-ae32-6d10c6a3410e,suffer,618,Furniture,371.54,South,2021-09-27
533baef0-47dd-4913-9265-5cbbfa16b37f,discuss,290,Groceries,836.39,West,2021-02-16
9e4bee21-14fc-4035-9f13-fd81bad7b847,charge,453,Electronics,785.39,East,2021-03-19
2422d59e-0190-4b5b-b5e5-84a59288731e,develop,936,Furniture,786.54,East,2024-04-28
f33b0bbd-1765-4129-bebf-8b5d12ad0766,mind,410,Clothing,563.83,South,2021-11-11
7750c369-a7b3-4694-8c94-93bb10bc0a25,more,26,Furniture,354.59,West,2020-04-24
2f837ca3-e8be-463f-a0bd-dcf4d2cd11e7,ability,426,Electronics,938.02,South,2024-06-14
847472d1-a30d-481e-910b-493c5ab3e98c,only,24,Groceries,111.4,East,2022-11-16
9163bdac-86c9-4e2d-9af9-08255849b8bc,sea,754,Clothing,492.53,South,2024-03-31
48a2d820-d03f-4c52-a171-186e9e1ea63f,exist,128,Clothing,5.4,South,2020-02-26
9fe9e7ef-9903-4c44-9d2c-9b2db12208ce,blue,98,Electronics,839.61,South,2023-09-04
44934458-e646-444e-930f-30f3029ebff1,employee,372,Clothing,198.19,East,2023-10-08
99338b31-3bc6-4639-8299-d79e9e19ec93,whom,567,Electronics,995.14,East,2024-06-27
86a30fb7-f917-4b0e-9f18-174c8e22cef5,medical,75,Electronics,928.09,South,2023-06-29
f644263b-1096-45fc-9d61-f2beb867123f,resource,272,Clothing,113.74,South,2024-06-12
c4db688f-53cd-4e88-8927-c105e5b92fc2,bad,603,Groceries,238.49,West,2020-07-31
ca803d00-2624-4c86-80ed-891f2722b38f,water,745,Electronics,191.27,East,2020-03-13
b1af193d-c80f-47fb-b979-139805232053,whether,466,Furniture,985.86,West,2021-06-02
accb2742-3fe7-48b8-bdd8-0b840983f452,security,788,Electronics,435.91,North,2023-11-20
63f221a6-38e3-4ba8-9887-c81f58f8fa3c,where,637,Furniture,987.33,East,2023-06-13
485593dd-3e70-4d96-b994-655931a2b28e,their,897,Electronics,783.94,East,2020-07-28
69182468-b152-4f78-86b8-cc1c1e0ec6b2,letter,920,Clothing,347.03,West,2021-05-10
05d313f7-6b04-489c-98c4-c686bba3d307,important,595,Clothing,156.52,North,2022-10-25
bc09cb17-86d7-4ea5-aace-f5f140391ac2,notice,634,Groceries,621.09,South,2023-05-18
27e92205-2329-4493-8781-34785bcbe26c,policy,879,Electronics,50.52,North,2020-05-26
9eecb4b6-3404-45aa-beaa-c39b789cd3a2,to,593,Groceries,999.77,South,2020-12-03
66c6c032-877b-44ee-80c6-aa178b4fe824,environmental,338,Groceries,939.05,West,2023-03-19
f85c8b8c-5aca-4d08-9fab-97b20d63f2b4,side,502,Groceries,36.74,South,2021-10-18
3c934757-7f0b-45f8-b647-62784c36de3a,bit,268,Electronics,973.73,West,2024-08-11
ca16233f-6fea-4a36-9619-0ee3b37c2a38,modern,240,Groceries,728.87,North,2022-06-17
f4ce7cf0-f3e7-4b16-9646-f03d464369b9,ready,535,Electronics,393.84,East,2023-09-29
64c3e4db-61bb-44f1-b9b3-7da75f69801e,will,144,Groceries,132.77,South,2021-01-11
c7131a13-9c67-4793-93b1-a5faa818e3d8,property,563,Furniture,579.71,South,2021-10-10
bdea0b9f-73c9-4704-aa81-b1cae89d4268,want,154,Furniture,293.61,North,2021-12-26
d8ae3019-9783-45a7-9b1d-b701659c93a3,picture,847,Groceries,685.63,West,2020-06-17
42dbd810-7159-4138-bd92-a4f673eabce5,form,760,Clothing,212.44,East,2020-04-07
663f54e9-89e0-4766-b40c-70fe1449e380,mean,266,Groceries,356.67,West,2021-09-18
c876074f-630b-490a-b703-c0ce02ef9934,land,577,Electronics,545.18,South,2023-07-23
4997d559-afb6-4b9a-a285-f55a16e2da38,financial,560,Clothing,484.24,East,2023-03-23
103caf45-8ea8-4f34-8564-ef47743cbd25,memory,335,Furniture,968.05,East,2022-10-19
83353ab8-dd55-40bd-9663-daa14af780ba,a,945,Electronics,703.21,North,2023-11-11
2965cb48-59fe-42dd-a4d2-2cd5f2112ac6,win,171,Clothing,135.89,North,2024-07-15
48c96e0f-a871-4634-aa56-87a47710d2dd,true,74,Electronics,88.01,North,2023-02-07
096d399b-bdc0-4554-91ab-5b3e13406ab5,season,896,Electronics,547.68,West,2024-12-26
a1c53cef-194f-4e64-84f9-2ad2fb45591b,card,739,Groceries,12.11,South,2020-05-23
833526c7-e477-4b29-93ab-05893b27b86a,possible,716,Groceries,775.57,West,2021-10-10
18abd600-0495-4878-a22a-531df4edea69,camera,327,Groceries,475.79,West,2020-04-28
5dcc4def-2c41-47ac-9be8-d9b20e1f1fca,play,928,Electronics,957.98,South,2020-11-05
474da4a6-d82c-4691-ae9e-22b7cb2f13ad,none,825,Electronics,382.23,East,2021-11-15
38885ac3-8edc-4455-9820-9d4740fedd91,because,553,Clothing,718.09,West,2024-02-04
fa045188-1e17-4ae1-95df-c0eaea8f7fe4,trip,973,Clothing,331.88,East,2021-01-26
69e729f4-560c-41e1-b3cf-5759572b5733,southern,684,Electronics,78.09,East,2020-02-08
b07dc5b0-50c3-43ef-8653-be94960f3587,Mr,691,Clothing,323.83,East,2022-09-23
9e3f90d7-8380-4ae6-89db-674c2d043118,event,703,Groceries,309.54,West,2023-10-20
c61c655c-b1de-4b0d-9757-68a87cdfb565,past,792,Electronics,335.66,West,2024-02-20
2caadf59-7b54-4aa2-ae92-13537768562e,government,7,Clothing,584.91,South,2022-12-03
f47483a9-9681-4868-a58c-c5479e057de1,pass,479,Groceries,579.06,West,2021-08-20
fcf1d0e8-3370-4f67-92df-5cabd3594f37,yard,26,Furniture,815.01,East,2023-02-05
3ccef1b5-0a0d-4161-9ba1-834551968d89,stock,474,Furniture,443.42,West,2021-03-24
6583349e-ef8e-46ee-acda-146c073da6ff,garden,306,Furniture,898.44,North,2020-01-05
2178ed22-106d-4751-8495-97b2e8ed683c,person,147,Electronics,438.1,North,2021-07-29
34f8f265-d660-4b67-a544-4b12586e41b2,movie,773,Electronics,673.53,South,2022-12-18
e089fbc5-9f1a-43e3-8c73-0ba71d2f0d83,Democrat,562,Groceries,217.45,South,2022-05-12
3adae66b-afb6-48f6-bb44-18664124bee9,food,360,Electronics,531.76,South,2024-03-04
9202d9ab-e57f-4df5-8708-be4bbfb144bf,toward,121,Furniture,183.57,North,2023-06-25
5b7eb101-c40b-4368-ab83-14790753f2aa,us,37,Furniture,449.29,West,2020-06-20
761a421f-d699-4350-966d-f35236893569,family,26,Clothing,83.03,South,2024-06-14
29ead1b9-3f34-42d0-bd39-327dcf8506ed,with,4,Groceries,793.5,West,2025-01-08
78173a4f-3825-444c-8e38-f7e2582915b1,source,828,Electronics,602.17,East,2020-12-23
51642a47-d5ec-4867-bbd8-84c26dae4cd1,hear,522,Electronics,8.83,North,2020-11-06
9279905a-2977-4e11-89b0-850e8a73dcf3,coach,977,Electronics,818.4,East,2021-03-09
dbbb8236-d26e-48f9-8ded-5492d8600157,finally,971,Electronics,567.58,East,2024-02-21
f86d876f-daf3-4dce-a893-49d1b6a767c3,everybody,132,Furniture,728.22,East,2024-03-12
6fe33b5d-d8d2-4e83-87a5-2979b185d235,laugh,662,Clothing,717.88,West,2020-10-01
010c7b53-e5ac-4f11-83d0-bf65ed4512f1,southern,110,Electronics,240.18,West,2023-03-16
4e2a261f-cafe-4e03-95f2-b54a137e4442,president,499,Groceries,777.09,East,2021-07-20
94fe3ad7-cd68-402c-9060-0913b715d908,people,419,Electronics,99.47,East,2021-06-28
ab1c5c17-c0af-4007-83be-6e3949b253bc,interview,142,Electronics,489.29,West,2022-03-10
c5949a07-422c-46bd-9657-a9ac18b85397,ever,504,Furniture,733.59,West,2024-05-18
63701efa-adeb-4b70-acd5-d9e429bfc144,car,438,Groceries,520.46,West,2020-05-12
455fb8f0-f887-4f4b-aa21-256ac26b67fd,recent,678,Groceries,221.61,North,2021-10-12
31411d09-0693-41c4-9204-2cb83323fe0e,simply,754,Electronics,874.06,East,2022-10-24
cd17f9f2-a571-4ccf-b958-7cecc8004822,foot,650,Furniture,22.32,South,2020-05-07
14ba38dd-0f93-4c45-ac30-c8c67d446fde,after,945,Furniture,205.06,West,2024-06-21
139b3d8b-d8bf-4677-ac91-4a570c47bc5f,word,999,Groceries,556.54,North,2022-02-19
3b8f5d5e-1159-4844-904c-560015edcb00,pretty,717,Electronics,713.65,North,2024-05-07
0a8e917f-ee04-43c5-97d5-25186d6ff1d2,agency,113,Furniture,551.28,North,2024-01-10
5d484ba3-4fe4-4aba-a123-3d10fe059877,over,694,Electronics,213.62,East,2020-09-30
27790ce9-6563-4d94-bc49-34637c418155,Republican,199,Clothing,990.26,South,2021-11-20
ac3c5e0b-aebd-4464-acd3-e304f3c348c5,maybe,198,Groceries,42.76,South,2022-09-04
cdcb70a6-0bf5-4526-bc9c-3ddd5361e064,necessary,180,Electronics,71.21,South,2022-05-08
cc499442-54a2-47e4-9f7d-796da3acf347,far,623,Clothing,224.14,South,2021-10-01
c711704c-a14e-47a0-a00e-b526722036ec,heavy,856,Electronics,999.16,West,2024-11-17
d8017b7c-cb71-4df8-b2c4-c9211c702147,stand,850,Groceries,442.51,West,2024-02-21
b8e0b06c-d21c-40ac-aea7-c74c728b9081,item,325,Furniture,397.93,East,2024-01-15
d38c75bb-01be-455b-85d3-0b68391c2549,lot,116,Clothing,978.77,West,2021-03-02
4e84d0c4-c809-430c-abad-306059a9aada,expert,322,Groceries,591.75,West,2025-02-06
9e8699f1-a0b6-4601-ac9b-e79814d04285,word,151,Furniture,681.56,West,2023-08-09
a94906f4-9c96-4684-a1e7-946bc594b920,eat,928,Electronics,771.19,East,2021-03-18
0a733159-10d8-48cd-9790-639b4ef075ec,employee,938,Clothing,340.88,North,2021-03-27
047afe41-5711-482c-8bd4-b08fcd92f9a0,Mrs,265,Furniture,525.99,West,2020-03-02
fd113dc2-7540-4000-9499-c97b77ee7927,each,530,Electronics,30.82,West,2021-08-14
1ef3d5f2-8cab-4326-85a2-0c69e8473aae,shoulder,454,Clothing,507.07,West,2021-07-01
67bf945f-47ec-4094-bb69-18284830b8ae,condition,751,Furniture,505.92,North,2022-11-21
efd60744-b4e7-4c23-b510-07f6d528c642,program,609,Electronics,362.22,East,2023-09-27
bc605508-33d3-44b0-a3af-5e6e963d2398,we,674,Groceries,929.02,South,2023-02-18
774ee2f6-8318-4145-9937-550efe3ce4e1,however,828,Groceries,381.26,East,2024-10-31
0b949d9c-b982-482d-a1ff-fa693e9abe4e,bit,418,Furniture,638.05,East,2020-08-16
50d77b0a-a864-45af-8c47-ed4f089bfab2,message,117,Groceries,322.91,South,2022-08-30
b178b8bf-fafe-404a-92d2-17ef243d3c3c,note,423,Furniture,346.63,North,2021-04-25
f953c64a-4091-4622-8fd6-80656b11f0c2,something,570,Clothing,722.34,West,2024-12-18
0d1d12a9-d1ba-4724-9794-1487b8c49a97,imagine,381,Furniture,834.89,East,2023-10-26
345c20c2-40c7-48b9-af8b-395853980eea,weight,132,Groceries,455.71,North,2020-10-15
2dbc66f3-cc89-4c5b-8a2e-75fe96ea7841,traditional,894,Electronics,29.11,North,2024-04-19
da949c74-d506-4200-a82b-b6554677d267,about,532,Electronics,267.02,West,2021-11-04
9695557e-211a-4650-8b78-afab3a6b7461,each,717,Clothing,626.06,West,2024-12-11
3f96ca4b-b375-48f2-a560-94a1c8f2033d,operation,196,Groceries,516.45,West,2024-03-10
091b67b8-47c7-4912-b6de-9f31e2837e5a,record,523,Electronics,142.54,West,2021-01-09
426615ad-ec86-4729-8e07-ee5bea91057f,win,940,Electronics,100.1,East,2024-10-18
d326d0fb-9b89-47f5-8155-3368bb28f563,power,103,Clothing,325.15,North,2023-11-08
fbaf449f-5b93-4705-beee-848fa2ac950a,place,669,Electronics,225.55,East,2021-07-06
b05769c4-454f-44bb-a120-5b64bfe16615,budget,55,Furniture,257.98,East,2022-03-05
aef4417d-0559-4663-a906-178347d5e993,official,75,Groceries,302.09,South,2020-02-12
fc5f2540-1e5d-4d60-9639-d286f27ceb17,series,863,Furniture,242.13,East,2024-07-14
3f2984c9-a3c2-4c38-ac42-71f613184e5c,daughter,590,Furniture,712.45,East,2023-07-01
12d3853f-5066-47bd-9bca-b88e002817a7,thousand,494,Clothing,536.41,North,2020-06-14
5ffa3652-a8f6-42d7-acd3-b84e05513cf6,friend,868,Furniture,415.19,South,2020-03-25
2689edee-48a3-45f9-bb2d-bf9481016677,hold,110,Furniture,340.24,North,2025-02-24
985f36da-39ea-4268-97ba-873238c7351d,since,270,Furniture,306.63,South,2020-10-05
da56fb40-6306-4c34-9053-f36e2567ae42,myself,508,Electronics,305.26,South,2021-01-20
cfc4bb5e-9af2-4b47-a2b0-a910052e64b4,house,445,Clothing,538.28,South,2020-05-15
3fa257ba-0985-4ffe-8373-147fdee5a392,special,637,Electronics,554.75,South,2020-03-17
77ffc00e-2ffb-44ac-8b9e-f5d3d76d410a,because,493,Groceries,376.98,North,2021-06-01
2f164e9f-f45d-4eac-ac26-d68daf8d394e,fear,45,Furniture,144.93,North,2023-03-05
547e2793-d96f-4693-bb47-9c8aa10da73b,method,9,Clothing,154.53,East,2021-05-16
9c73fc98-8c8d-4a5a-8e43-bea7adbe0006,speak,32,Furniture,825.58,North,2021-01-16
8998b388-c067-44bc-a6b7-97fa80e0cadf,two,967,Furniture,231.62,South,2020-10-26
4f917f2f-e3ec-46da-83c7-a1a21d8b380a,rate,37,Furniture,362.83,West,2021-03-12
16bba8f1-b492-417c-9e8d-6771a8be5ddf,me,805,Groceries,784.27,East,2023-12-08
a108245c-08d8-4631-b01d-53e7ad33e2af,write,114,Electronics,133.41,East,2023-05-18
f24f0a34-32f4-4f56-ba99-8c5918e0451f,sense,194,Electronics,364.35,West,2023-08-11
32af2c30-3a15-4241-9d0f-1fc07777da14,stop,434,Groceries,875.31,West,2021-05-06
f58a524d-3704-45b5-9aef-ec1f28f04b59,fall,584,Clothing,288.7,West,2022-10-27
7acb43a8-b866-4287-92d2-502bbd0a588a,window,679,Electronics,636.95,West,2022-04-02
23f68321-e454-42dc-a990-9345fb83c4fa,glass,482,Furniture,526.75,West,2023-03-09
3e8ef754-30d7-4268-b2bf-6eab6a4f29b5,week,130,Electronics,954.02,North,2025-02-14
cc0387c7-4238-4d98-bd9c-c4a1cd4bf10d,exist,767,Clothing,806.49,East,2022-08-08
8392f166-1cb9-49d3-a1fb-49aa0ea2aea9,never,128,Groceries,746.62,North,2021-07-08
63c7feaa-d805-49ee-ac80-df21b36f71ed,month,815,Electronics,603.1,South,2021-05-17
33292d6b-f4d1-40dc-820f-2d9603e217c5,can,620,Clothing,632.41,South,2025-02-04
7b127866-808d-4f52-b64f-9345a1ff4bd1,edge,107,Electronics,505.1,North,2023-04-06
721ffa39-7652-48f8-af4b-f98ee0bf6bf5,east,39,Furniture,140.99,South,2020-02-24
8e32577a-3268-4121-8005-3e215bbdf04f,home,801,Clothing,935.52,North,2021-06-02
215cc609-10cc-4eeb-b5f0-8a9e72446a97,support,822,Groceries,388.53,South,2022-09-29
b94e8213-97e9-4005-843c-2e981c3724de,far,438,Furniture,196.12,South,2023-02-03
6ac4e638-3215-42d2-9065-cfbae854b36a,write,272,Clothing,713.31,South,2023-08-06
578e4771-5648-4c56-91d5-4d141eb175e0,finally,263,Groceries,329.17,North,2023-05-14
5ae20059-3eef-4302-854b-1bc101bf037f,try,244,Furniture,629.17,North,2021-10-19
0dd33898-2eaa-4747-9a93-ae3c49b41e6f,general,577,Clothing,521.36,East,2022-04-30
75915325-8a94-4d51-84ae-645b324ba1fe,through,352,Clothing,182.53,South,2022-09-20
8c92c500-d4fa-4081-af51-6aee75ff2231,try,151,Electronics,800.47,East,2020-09-04
da71bdb6-7e1b-4195-994f-8e1cf6d52138,approach,46,Electronics,321.54,West,2021-01-02
aba8d518-8d89-47a0-a932-7ae9b9e01b5c,economic,667,Electronics,850.95,South,2023-02-08
09e8e33b-1f91-4af2-a9a2-302a700b2b9e,together,554,Furniture,350.05,West,2020-07-23
4e29a9eb-ce38-44c6-977b-236905b343f6,truth,786,Groceries,236.8,West,2021-01-02
7e58c038-cf12-404e-b51f-460da8e18d79,smile,307,Groceries,620.81,West,2021-11-27
b7a754e1-0885-47c3-b30d-bda85f792efb,measure,115,Furniture,710.18,North,2022-04-09
696e8f93-30eb-48eb-aa1b-573f9d998757,type,276,Clothing,564.52,East,2024-09-08
4a66d0f4-3aaa-4a7e-9bf9-c4b10aa405f0,camera,381,Groceries,259.02,West,2021-12-30
59c708d1-80df-4f75-a718-458a298e0dc9,both,59,Electronics,334.13,West,2021-11-04
b6c90ef6-d111-4bce-9fc0-a5eb63a52ee7,community,359,Furniture,919.75,North,2021-08-08
0ac05865-c468-45c6-8a8a-76d4ba063570,bar,289,Electronics,20.14,South,2023-12-14
f301553b-17a6-4294-aaa4-db374e8074d6,miss,435,Clothing,282.61,West,2022-12-12
75299e55-7241-4111-994f-797fc418cba0,memory,344,Clothing,289.68,North,2024-07-13
e4101520-6d1c-4f05-ad17-72e8030e7db7,admit,412,Groceries,748.76,South,2025-01-30
af0643b8-baa6-4204-b18a-ca1d60dcdba5,cell,200,Groceries,638.04,North,2021-08-14
6063525a-ffd2-471c-8743-e59df81badc7,anything,617,Electronics,46.5,South,2024-09-21
69196c59-c2cc-46e0-8435-08d32a78fa6b,site,633,Clothing,764.88,West,2023-06-15
c361a2f2-eed4-4706-b952-74372c690391,daughter,768,Furniture,141.23,North,2023-07-28
4d718d91-a671-4895-a167-bf13bec4bae0,shoulder,287,Groceries,222.27,West,2025-01-09
4017e56a-ec3c-4530-b09b-d5bd1aaf699e,itself,33,Electronics,673.03,East,2023-07-06
fbc2bf42-ee55-4082-8f77-8d3d6f6162c0,prevent,644,Furniture,333.58,West,2021-08-17
dacaa861-7e3a-4bdc-afb0-97fb42428220,leave,572,Electronics,806.7,East,2022-01-26
a9e69245-f565-4838-86b8-678c083dafa6,suggest,732,Groceries,584.39,East,2023-10-24
4040c05e-1847-4fee-8efb-06e7b3cff9b8,member,789,Furniture,193.64,East,2021-05-18
887722c4-5ed0-4b83-a680-97213024da66,eight,471,Electronics,209.44,West,2023-04-13
c9650194-577c-420e-90fe-34dcf28941f5,charge,79,Groceries,890.15,South,2023-11-28
fce3dc11-6e6b-4372-86d9-e0fb8f9cb172,huge,346,Groceries,283.24,South,2021-02-07
99e306f7-b0fa-45c6-b66a-87f8e7834e65,husband,21,Furniture,261.81,West,2020-12-10
9ebbb31f-ef9e-4d74-884d-e41217c80438,quite,874,Electronics,87.0,East,2024-07-18
df063910-a8b9-4480-b51e-dbb8577ebaba,thing,367,Furniture,53.49,West,2022-01-16
568336b5-8c60-4003-950c-2e8dcebe03f6,sound,134,Groceries,707.07,West,2021-08-10
d416dcde-d8d7-4b00-a0fc-c2b0103e00aa,hear,755,Electronics,960.16,South,2021-02-27
b85f7a73-ac2f-4dda-a97b-6059916af6e2,peace,390,Electronics,707.15,South,2024-03-29
76d9e6ce-cc12-4085-ab4c-ba54da1d6147,book,719,Electronics,176.89,North,2022-12-07
a3c0c9ba-de99-40f4-be14-33a52fb2eb84,wide,430,Electronics,99.06,East,2025-03-08
13a6c042-0765-44f5-9b39-ee8aa6bb40a9,health,333,Electronics,885.83,West,2022-09-07
44fdbd48-932d-4980-aa2c-b6a931011c69,institution,758,Groceries,958.65,West,2023-12-26
f86283a3-0b49-489f-850c-2a8157fb3897,exactly,211,Clothing,754.36,North,2021-10-20
d99cd8ab-ec29-4964-a6c6-053b5b95e049,agency,256,Clothing,660.63,South,2025-01-31
e64277fb-65e1-491f-a636-6c21bfc6eff9,computer,96,Clothing,386.69,South,2022-11-13
911d0ed9-064b-409b-8541-789a8df77368,his,479,Electronics,991.92,West,2024-11-10
060eb115-0f1a-403d-bcd4-22098ecda137,control,62,Groceries,820.21,South,2022-04-25
0c9c6431-56b5-4d11-b2ed-5f499315421d,six,452,Clothing,312.65,North,2023-01-22
cb455a11-0b8e-4394-9840-3a1b41c66654,save,384,Groceries,923.16,North,2023-03-18
d7f8524f-0416-467f-8884-13e1244ce997,throughout,612,Furniture,668.13,North,2024-10-30
8851cc1f-d781-4342-9900-f1e48a422074,series,590,Furniture,825.41,West,2020-09-24
7e6c1c7b-da92-430f-8d08-19135cd81146,world,244,Clothing,846.36,East,2020-01-26
72068f14-4991-48ee-89b8-dc21c5059591,her,178,Groceries,759.72,North,2021-10-28
7df4a8d2-45c7-4802-9794-8768fbf6f150,travel,708,Furniture,152.75,East,2021-12-15
e939d3ea-9ccb-4889-beba-5db0784169d2,able,523,Clothing,488.12,North,2022-05-29
c394d150-f6dd-4d49-a133-586497386a18,floor,589,Furniture,65.58,East,2024-06-01
a51c3d6d-3e11-4948-90d0-6eddd5af23b7,cut,117,Furniture,30.13,South,2024-02-24
46d5039d-54e5-4abb-a008-048e916cf6e5,want,912,Clothing,781.11,North,2021-05-05
40fc873d-8181-4f57-adf9-8e84bfbb1090,culture,167,Furniture,608.58,North,2021-12-18
3cb60346-34e1-4d5a-8035-a5b3f850c396,amount,788,Electronics,662.31,South,2024-07-07
9f4a9683-3cec-4f0f-befc-60a79a015a84,front,876,Groceries,649.95,East,2021-06-13
64e3a1ff-7054-43e1-b1fa-61fe0edc8cf7,realize,456,Clothing,231.69,West,2021-08-04
c9aae3e9-c1a3-4338-a61e-efcd69a0a281,Mrs,203,Furniture,374.02,North,2024-09-04
275c296c-fb4a-4c9d-a011-eca8e3a2b4ea,rock,465,Furniture,436.14,East,2025-02-16
0feff380-d27f-4726-8639-c54789120666,born,481,Furniture,113.21,South,2021-11-13
4f06b2fa-3247-4138-b19f-876884394274,a,314,Clothing,622.92,East,2021-02-02
4490e2eb-3b4c-4cce-b1a0-66cc86921e8b,less,129,Furniture,400.32,East,2020-04-18
cd6fb858-62d2-4316-934f-5bd0b25486fb,good,96,Electronics,682.97,East,2020-01-10
31b6f02f-deec-4636-989c-c349e4bc0fd1,mouth,617,Groceries,254.9,South,2023-12-17
b80e559b-4ba1-46ab-a865-c9c7b1a56a30,address,164,Furniture,327.49,West,2024-10-03
d8e29131-f3f4-42fc-aca9-a0339c640076,future,590,Furniture,897.47,North,2021-11-28
97c76c6a-b4c2-4414-89d7-7a81aa1ae239,music,67,Clothing,363.81,North,2021-05-10
41b2e305-2431-4544-9a0c-4663c21bf62c,nearly,583,Clothing,246.56,East,2024-09-30
57d76cdb-9bce-4c4c-bb2b-6c1fb11b2ef4,summer,303,Electronics,831.97,South,2024-10-21
91e786c0-f028-44d2-876e-26d78c55d959,money,408,Groceries,193.57,South,2025-02-21
65b59cd9-7959-40ca-800e-11fbc04e6ef7,difficult,728,Groceries,269.0,South,2020-10-29
3209ac8a-2ab2-45ea-9314-6037f7ea79f5,even,529,Electronics,67.41,West,2021-11-01
7562df40-12f0-48c1-8677-12119d44b000,lay,703,Furniture,881.38,West,2024-07-16
21ea04ae-c81e-4541-8803-9931ce2e61c0,run,618,Groceries,337.06,West,2024-05-30
6e4aee24-ef70-4a45-aed5-eb96fc989ae5,this,823,Electronics,706.1,North,2024-12-13
beda7597-48b1-4bed-8620-1da2a25e3427,will,203,Electronics,507.8,North,2022-08-12
22c70a8d-0b2b-47e6-8919-43fa53512e4b,development,259,Furniture,954.57,North,2021-08-16
d9a89577-ed47-49f9-bc58-f8cf4a38cf41,remain,867,Electronics,174.67,East,2024-02-04
bb0d0089-73b9-45b3-ae9a-c08b90357f77,meeting,469,Clothing,980.72,North,2022-02-26
6a84a047-e12a-4a1f-b5b4-8853b574b2c2,wait,898,Clothing,791.25,East,2022-03-13
6ee654f1-655d-430d-8ea7-f89513e27b17,win,899,Groceries,935.37,North,2023-03-08
ecf674e8-5996-45e7-8030-7687890cf1d9,start,428,Furniture,953.0,South,2022-02-12
a49b7c46-1800-4ad3-a61f-7a5ee8c54cf5,white,269,Furniture,236.03,North,2022-11-27
16deece5-0e00-4ab8-9b06-bc4f04b43552,cold,935,Furniture,962.29,West,2023-06-08
3b9995ea-4ae1-49de-907e-160f6cc59581,technology,688,Clothing,88.74,South,2021-05-11
3f5515e6-60a8-4c77-b31a-7fdb5cfa0a74,face,12,Clothing,210.12,West,2024-07-04
d07d1546-1809-464a-bf8e-805d3aee3c0b,agreement,34,Clothing,834.5,North,2023-10-12
fd0b6d69-866c-4b5c-80a8-1771c0f91c18,public,981,Furniture,879.3,South,2023-06-05
4b7cf282-4446-4298-b93c-c2bdf2558737,he,540,Clothing,532.71,North,2021-01-07
663e7be6-0a49-4ad6-bb9d-d867f0713e1c,floor,128,Electronics,576.19,South,2022-08-26
75d8c9dd-5ab8-4314-bd10-d80205f392b7,there,725,Clothing,277.28,East,2024-07-03
878c367a-d894-4986-9bef-90c772caaf7d,live,14,Clothing,117.9,East,2020-10-15
46f9e3bd-73b7-40a5-9167-f46536c24c9f,professor,799,Groceries,765.13,South,2025-02-17
f53eb4e5-6440-4caa-9880-c30f554ceb05,money,736,Furniture,857.16,West,2025-02-21
d4d57d82-0fab-4104-b649-397bf12842eb,soldier,599,Furniture,263.76,North,2021-01-15
da5af297-6d00-4406-804f-59ea673dd7b4,loss,379,Clothing,868.13,East,2022-03-02
35c40db5-3de6-4f39-920b-5fd11e2a455f,you,842,Groceries,143.25,West,2022-08-20
97406107-5020-4288-bcf7-f72c040eda41,skin,228,Furniture,891.33,South,2021-04-02
df9d0727-5363-4e8d-acfb-7136251368c7,challenge,423,Electronics,509.05,East,2023-06-15
751cb966-d905-4412-a104-4239e8fa8cf8,college,519,Electronics,641.71,South,2023-02-03
e3990373-cf3e-44a5-871e-51470ac8baf3,receive,600,Groceries,396.61,South,2022-01-22
b0cd2579-04a4-4586-8bdd-c0b2ff768a9f,community,201,Electronics,426.44,South,2020-12-05
6972b453-a4ce-41e3-a183-e4a9f386c023,heart,173,Clothing,669.39,North,2020-10-18
0f154e39-68b4-4738-bcf5-82b66f121b99,what,428,Clothing,269.32,South,2022-02-25
20c96115-d934-4344-9b49-7a0c576bd82a,able,428,Electronics,321.02,North,2021-06-01
605480db-e01b-408f-900f-bc423e6e34bc,red,299,Electronics,342.86,East,2025-01-05
45cb1d38-ba25-44ac-ace4-b4ac0ae32087,seek,120,Clothing,925.44,West,2021-06-13
2abd54b8-7611-428c-a97d-f068d60ce148,drive,930,Furniture,714.66,North,2020-06-15
7842201b-b826-496a-bb04-7159357089a8,speak,167,Clothing,340.26,East,2024-08-10
307e3410-11a9-4a26-842d-055d50119aeb,crime,984,Clothing,190.81,West,2021-04-06
b49dd878-8827-4474-89bc-9541f742cf07,rule,99,Groceries,390.23,West,2022-03-13
bd19d96b-2efe-43d2-a373-ef76a1bd4e4c,teach,43,Groceries,138.4,North,2024-12-11
15ef62ce-c032-45c8-8295-d776357c8b0e,in,513,Furniture,234.66,North,2024-05-15
466c4e7f-a9d1-4130-82f5-d838a72fb389,student,385,Groceries,253.06,South,2020-08-05
c5ddaf38-626a-4e05-8095-a9988e3e9532,go,477,Furniture,659.54,West,2024-02-24
03f91204-0f90-44e0-b125-ddc3992c0c01,chair,226,Electronics,921.19,North,2020-05-14
a6da1a15-6355-4b1a-b6f9-299521f63aee,ever,554,Furniture,741.56,West,2023-11-25
c0e0b764-bd6f-4d14-aeee-ffa1694b3895,do,623,Clothing,21.9,North,2023-01-25
4cd42b65-c509-48bd-9172-9ccd6c89eab4,realize,10,Clothing,788.92,East,2020-10-09
b1927c03-9eb4-4665-93c3-5ebdba77902f,win,312,Electronics,914.17,East,2022-06-03
306b644d-830c-4441-9c7c-1e3f14f592ca,garden,780,Clothing,822.44,North,2024-09-10
ff84a5cc-dcd2-41ca-a468-5aa619c218db,especially,683,Furniture,506.71,East,2022-10-25
22f0a21e-3a10-4db0-8755-4a1fce3ce864,main,602,Clothing,561.24,North,2020-12-19
81a5b35d-377c-472c-9c19-764ab8cb536b,region,660,Electronics,657.05,South,2022-11-18
bd6ab416-3e27-46fe-ad46-c92fbbc3ea91,less,744,Clothing,499.53,North,2021-12-13
562aab71-e866-45a0-9596-364ab1ade6cb,scientist,402,Furniture,209.86,West,2020-03-08
f4461fba-5eb5-4568-b778-95977b265ec1,bring,911,Clothing,877.71,North,2020-12-04
073c719d-bc40-43ba-b144-12d384f331cf,already,285,Clothing,844.82,West,2024-03-31
bf154e98-15a9-4cc1-bfae-13e832665f8b,others,146,Electronics,659.09,West,2020-07-08
d468b1e0-d5a5-4ece-bced-77e7e73d2e62,senior,922,Electronics,224.68,East,2025-01-01
7e3759b8-4c2a-4420-b3b1-5b35ce0719da,fall,246,Electronics,922.69,North,2023-06-04
fefbd039-9a57-48ed-a32f-4050c0fc71d4,seat,55,Groceries,900.17,South,2022-08-22
1ec98270-915d-4f6b-9060-2bb2ff4e8888,past,121,Electronics,134.85,North,2024-08-06
6484eb74-d972-4c0e-98b0-a873f2a723b1,front,137,Furniture,752.04,West,2025-03-23
7231fa08-1fb8-4255-88f3-2038539f8bef,four,705,Electronics,164.71,South,2024-07-18
a99860a1-952f-4534-b897-6592d67fa1b6,fine,20,Furniture,416.08,West,2020-11-30
4c81b1ea-957d-4df2-9bdd-f82cdbe6436e,yes,315,Furniture,190.12,West,2021-04-06
b6aca7a8-1296-4de4-a3ab-a4d66650642d,nothing,260,Clothing,714.48,South,2021-10-22
ca78d622-a132-4976-abd8-526b8cd4a6a9,our,937,Groceries,100.52,South,2024-10-24
e21b7d62-6202-42ba-989a-7788b237f1e7,tree,22,Furniture,96.22,West,2024-07-26
209d737f-bcfa-444b-8fb9-90e1203e9a04,number,355,Groceries,836.42,West,2020-09-23
06bc32b0-68d5-4c7e-8d1e-821abe971c27,during,333,Clothing,554.02,South,2020-02-04
7db00db6-1326-44c2-9466-cc4cd28c16f0,exist,254,Furniture,7.73,North,2021-06-24
2ccc4972-3fe3-411b-8802-0042c83e6191,speech,926,Furniture,788.06,East,2024-06-07
d29dc656-e8e0-4343-869c-1f68c33b7eb4,wide,955,Clothing,490.99,East,2023-11-22
b8aa9728-f83e-456e-addf-efcf00686758,friend,899,Groceries,731.93,North,2020-11-16
18ee1494-6a34-4ef6-a178-5de3ca0d3001,detail,815,Furniture,109.51,East,2022-09-03
bdcba894-535c-4901-a4af-c07227f3bc43,question,164,Clothing,115.01,North,2024-02-05
dda1bca9-ae5e-464b-809e-651b04880c67,maybe,407,Clothing,199.99,East,2021-10-18
dccde010-6423-49c6-97a8-985d5e94389e,bag,573,Groceries,674.14,East,2020-12-31
dfaaf904-00ed-41ac-aa35-87f81d12bf6e,identify,359,Furniture,419.98,East,2024-07-22
d57785cd-a2f4-4c83-99b6-f8f2e2e4c731,bed,669,Clothing,477.0,East,2021-04-08
e134a5e1-380e-4048-98ec-69e53915c5f7,piece,303,Clothing,709.86,North,2023-02-07
f9e98158-62d1-46d4-a26e-c8f62e743ae0,heavy,304,Clothing,359.27,East,2021-02-28
e222ae65-0d61-49d1-a93a-55a49cc1f218,start,950,Clothing,745.12,North,2024-07-28
384cc3cf-6bc8-4078-8f36-bdc5c24c537e,large,988,Electronics,495.42,East,2022-03-23
204d4c52-cb0c-4f1e-a70e-cd0b72c30df4,decide,861,Electronics,583.7,East,2021-04-12
637ae2e9-f662-4d1e-99f0-4fea0e2b1b24,social,565,Electronics,797.7,South,2025-01-04
d5111a05-fdf7-4d2b-820c-93efab8fb703,course,172,Furniture,990.85,South,2021-07-23
f481a03d-9d03-493d-b737-af80ad5d5339,dream,962,Groceries,568.2,West,2021-05-19
d34645db-e4bb-4da9-b659-23951d666997,community,791,Electronics,847.12,South,2020-07-04
9c338147-12fe-4a1f-a705-58038881dfa1,purpose,113,Groceries,867.28,South,2023-05-24
4b05608d-ae80-470f-b7a7-2e229544d242,together,876,Clothing,785.17,East,2023-11-04
e356059f-fa67-45e0-aa23-33ba0a06941e,feel,444,Furniture,144.64,West,2023-02-28
c513274a-087b-4c62-a90a-b1b3368597fa,structure,265,Groceries,270.33,North,2022-07-21
603f2b5f-195b-43d1-a4b5-a426b5e2ea14,approach,32,Groceries,401.97,West,2022-11-20
e1f37025-3b6d-46a7-a379-7de50bef6870,want,253,Furniture,85.56,West,2023-03-18
58779e4e-ff4a-4b1a-a879-05d65199e31b,send,679,Groceries,178.61,West,2025-01-12
7a9fdab2-5225-4743-a908-4222193f17da,wear,666,Furniture,40.36,North,2020-06-20
93d56ebb-8e00-4ffa-bce8-ab7c8c57f15d,fact,365,Clothing,418.13,North,2022-02-09
af8b722f-8be7-492e-aec2-5d3573f75fb0,success,744,Electronics,258.73,South,2022-10-31
bf721d58-065d-42fc-961b-5aa652ffcc50,field,33,Groceries,656.61,North,2021-11-26
385c0d30-c9c3-4981-981a-f772c42364c1,respond,156,Furniture,91.48,North,2025-02-15
c21f5c06-87de-4373-b8eb-73a4b95ab655,go,804,Furniture,336.85,South,2024-02-14
a8972bdf-db37-4c7d-aa61-b9dd743ec4d0,fill,660,Furniture,254.84,North,2023-10-04
6a1acfa8-04d9-44b4-b307-c2720f9eafce,girl,30,Furniture,946.48,East,2022-05-19
24c1cf97-ba6a-41c6-b8a5-69ae6d11c324,impact,278,Groceries,206.4,North,2024-01-28
bb6589b0-c9f3-471a-9b13-0b122ca9e263,old,644,Clothing,857.61,North,2020-02-22
f9f76d5c-d0cb-47cf-acaf-c442f8131300,later,58,Groceries,397.93,South,2020-11-20
0aa594fd-5805-4589-8dc5-e1450f042841,subject,842,Clothing,38.42,West,2022-01-25
fe4f6ff3-ee25-4415-a3c4-df33761edd10,explain,434,Clothing,692.52,West,2024-02-21
968f070e-effc-41f9-94ed-336ab37d811a,girl,251,Groceries,594.14,West,2022-06-08
4f06cc49-d2cc-434c-a8e7-9c92211b406d,share,579,Clothing,953.78,North,2021-09-23
8f6bb895-ae1f-432e-967a-f0448794d2e3,energy,533,Electronics,44.85,South,2022-06-19
89e1891e-f991-4de4-9be9-9f03659e9165,though,799,Groceries,311.17,East,2022-02-28
89339e87-152e-40f5-8fee-8b3c1e542afc,finish,51,Groceries,153.21,West,2022-07-18
7185f384-487e-4324-8682-5a1250d770d5,its,459,Electronics,606.43,West,2021-05-24
21ea08b3-cc4f-4192-b9f4-a4ddf0d0614f,town,230,Clothing,884.9,South,2022-08-26
e6e42170-9a7e-421f-8b58-3f420e066290,again,19,Furniture,911.1,West,2024-01-20
f81b95ee-3eda-44d7-9e8f-95274e07800e,international,870,Groceries,146.54,West,2021-04-18
e44e762c-fba1-4429-9681-19e5429d558e,little,20,Groceries,820.47,West,2022-09-11
fd9d7854-4c13-4383-bae0-f6c4be28d791,national,986,Clothing,944.1,West,2024-07-29
a510b568-0412-4a30-8d5b-dbe3b1d6bb2d,wear,639,Furniture,44.37,South,2024-12-21
44fd81e1-4a6c-47d3-a58f-5e27839ce1a0,against,268,Groceries,819.07,South,2024-07-15
709ee246-6baa-4b4c-9360-9eec305e9882,reason,232,Electronics,531.94,South,2022-08-20
0b6bf639-484d-44ff-b449-0760dcb4c302,enough,114,Electronics,595.04,West,2021-05-12
042d565a-fbd2-46f5-aa7c-7b8920a71385,while,671,Furniture,187.86,North,2023-05-21
a99b3b4e-7a3b-479c-9efe-ddfb8a5e6391,within,857,Electronics,258.4,South,2023-03-11
6ce41866-2cb5-483b-9393-866257b1292f,community,64,Clothing,804.08,South,2024-07-11
c9cd63ba-5bf1-421d-b046-14dc127375ed,up,92,Groceries,878.42,West,2023-03-19
8cec5ccd-69a1-4571-b5be-8af583cb0f77,area,229,Groceries,59.44,West,2021-12-06
632ec68f-a325-4139-8735-b57c76348ed2,whom,738,Clothing,561.42,East,2023-02-07
fe55ef30-8453-46df-91e3-2e131d2d5be2,necessary,960,Clothing,693.23,South,2025-01-25
c0e8f865-5fc9-4054-9050-5a7da19f5d34,first,589,Electronics,735.32,East,2022-12-12
244f05bf-d943-4ee1-a77d-fd5b7ce2541f,staff,100,Groceries,132.61,South,2024-05-24
e995c481-4c65-4fa6-9751-69a5a7e21627,under,867,Furniture,326.18,East,2021-01-06
a813f582-e3bf-436c-bafb-a29f93d598c0,reduce,276,Clothing,187.87,South,2024-12-23
c611e6a2-c388-4788-b760-550449cf194c,put,18,Electronics,220.86,West,2023-06-27
6993fdec-4da8-4e18-a246-892a70679c35,discover,862,Groceries,337.52,South,2023-04-04
f31324a1-89e9-49ff-aea1-c680dd838c03,assume,669,Groceries,6.64,South,2024-09-13
27c5a7b7-ffd4-44ac-b98e-6150ceb8cf7b,just,512,Furniture,857.98,North,2023-02-17
75156084-554b-47e4-8ebd-d97e33551b81,than,486,Electronics,226.7,South,2020-09-28
badcfdb8-9e8d-4489-a098-ce60a0899bd4,option,370,Groceries,42.1,East,2022-08-21
b6ac6860-68db-4bf1-99cf-a2e285c336c1,between,907,Groceries,448.78,North,2023-08-07
182b678e-3aeb-453d-be18-6fcadcf628dd,too,976,Groceries,908.86,West,2021-07-30
64087013-aab9-414e-9182-23a90f92c0ef,Mr,200,Electronics,914.74,North,2025-03-11
4e131dc0-e182-47c0-85ee-b78b73689fad,chance,891,Clothing,351.94,West,2022-10-05
60da06c0-0994-4e0f-941b-e763277d9ce4,save,885,Furniture,644.18,South,2024-03-10
e9edd4ff-dca1-4cba-a228-4a5da4e2a25a,culture,174,Clothing,712.61,South,2025-02-08
9ce84f24-b5ce-4224-9b61-91ee3de4d64e,total,830,Clothing,703.02,North,2025-02-14
d444accb-f3fd-4b5a-8b03-af5b0297540c,main,377,Electronics,784.81,West,2022-12-08
49f0326b-85d8-4c81-bc58-1d631763f80e,long,714,Furniture,743.28,West,2024-07-13
468128c6-48f0-4fea-9200-c3e5baab7bc7,staff,451,Electronics,836.58,East,2022-08-07
a7ae4879-1e8a-4136-bcd9-02873c9f3c54,across,960,Groceries,242.57,East,2024-06-03
14f373e1-2fac-4e31-a915-7a171af1943b,long,756,Furniture,582.43,East,2022-02-25
a2c06f5c-50d5-466f-99a3-cae6bc49e1e4,election,596,Furniture,327.11,West,2020-02-18
ffb2662c-912d-4685-961c-e72e1ced63a1,east,671,Furniture,582.16,South,2021-08-23
c9d944b7-8b64-4b69-8326-cda05ce0377e,time,151,Clothing,245.98,West,2022-11-06
dff4c84a-c193-45d2-97fe-5f6ff064d868,simply,826,Electronics,433.37,West,2023-02-12
3d536419-f170-435f-aad5-f4db8fb6a3d5,class,863,Groceries,627.5,South,2022-12-31
2593400e-437f-484b-b4a9-f16831cc4fc2,office,554,Groceries,239.06,East,2024-01-10
a98849ff-9f47-4f6b-84b0-7ab6c9ec049d,share,170,Furniture,504.77,South,2021-08-03
952398ed-1d04-4705-b051-e7bc4d520d18,bag,219,Clothing,334.6,West,2021-01-06
b7fd82ca-1ac6-4cc4-8b1c-ef34b720aba7,buy,774,Clothing,229.25,North,2020-06-05
e943d45e-20d9-4a26-96c8-564cb73f6ce6,without,235,Furniture,203.7,South,2020-08-09
597d4507-932d-462c-b5a8-743a2eaf5955,nation,148,Furniture,75.9,South,2020-03-16
53af42f9-b8f1-4a0f-9c9a-c78b052d2c71,camera,896,Electronics,463.26,South,2022-01-14
4b2f3377-d06b-4a09-9606-90334925abcc,but,168,Furniture,226.63,West,2025-02-19
d871a325-6f77-49f2-ae2f-63319eea65d3,blue,403,Clothing,156.74,South,2024-04-21
b2f1c803-d7c5-4355-8af2-4b435c045080,detail,182,Electronics,751.36,North,2022-10-07
90070a74-31bc-4176-8c06-bdff8c3ea0dc,fund,625,Groceries,332.2,East,2020-06-07
84de8656-91b7-4fb8-ba9c-c8825d38e080,need,114,Electronics,104.24,North,2022-03-20
00efc8ef-bdfe-4ef9-bb8f-5bd267e01602,sound,215,Electronics,853.67,East,2021-08-17
d8cae39c-a80a-4d73-bb95-59caf18aabdb,truth,855,Groceries,356.31,East,2020-08-26
d072df00-798b-4b31-88c8-d78910b1c386,news,248,Clothing,220.8,South,2020-04-29
58c1c7f5-17df-4cdb-b524-3f86594f9b1a,laugh,154,Groceries,882.85,East,2023-11-15
8cf5c4a3-9905-4873-b819-ba0adbfb800f,their,985,Clothing,887.76,North,2022-09-02
adb54ff3-a310-4dd3-9a8a-36ab51c6559f,whose,387,Clothing,745.64,East,2025-03-25
33fb7195-cb85-49d4-8689-bea1e26ec114,improve,128,Groceries,476.42,South,2020-08-01
870ffbdf-0522-4716-9702-dcc82a4de359,about,179,Furniture,134.49,North,2021-10-28
d16b43e3-ff2e-44ba-80a7-6d2edc1abfe2,son,704,Furniture,160.56,South,2022-06-12
ce5b5e1e-e74f-43e1-aa36-9dbe76680aef,necessary,832,Electronics,197.99,West,2020-04-11
0bd453a3-a4fb-4c8e-8206-fb0b859adae1,president,156,Clothing,185.84,South,2020-03-28
71bccaaa-6dd3-478e-9f1c-017a73dddb97,necessary,289,Electronics,320.66,East,2023-11-25
47e20127-fd27-44f9-9b00-5c43eab2b107,keep,46,Furniture,315.94,North,2023-11-21
cd2e0792-6c11-4ccb-bc20-14d023d4c3ad,cut,659,Furniture,305.53,South,2021-06-07
8766af18-9132-4400-84fe-ef3197e26e5f,pull,843,Electronics,130.34,North,2021-07-02
3e290858-8ac1-4e86-993e-4516c99672b8,stay,391,Electronics,537.38,North,2023-10-21
7ad3f54b-de3a-4aed-8cbe-cc569ba10daa,view,999,Groceries,860.53,North,2021-06-07
81d3f8ec-6073-4239-8e33-2b474f3f2dab,lead,993,Groceries,28.6,West,2025-01-10
de30a63d-4ad0-456b-a427-13918b682b90,response,212,Furniture,136.33,North,2024-03-15
b485c525-bf9b-48cb-ae91-7a40040f9778,concern,457,Clothing,880.95,East,2021-07-13
692d6621-ce8b-4a04-9533-9889fc680b9f,these,759,Electronics,845.67,North,2024-02-09
23ba3b08-7d4e-4d28-919b-eb215ab46b0f,charge,340,Electronics,181.0,East,2021-02-18
51d2ae2f-66ff-4dcd-8822-f349c12a015b,before,290,Furniture,995.21,West,2022-05-02
25901e0b-7c4d-49b0-a283-23c5da4f9df5,movie,389,Groceries,371.77,North,2021-03-06
d713c6a3-ae0d-431f-9ad1-8d838ef5b3a2,financial,447,Furniture,111.41,West,2021-08-16
6ac4437d-c9e5-4186-923b-cc43c2ad62e5,somebody,910,Clothing,617.89,North,2022-07-08
1caa4479-bd0a-4a3d-856a-ddee67d0a53f,garden,634,Electronics,506.61,North,2024-02-11
63368897-7097-42e7-a1c7-2fd1e1175058,wind,315,Electronics,683.39,North,2023-06-20
f57d8251-cc50-4135-a76f-3716f27143c9,other,161,Furniture,259.89,South,2022-03-02
7cec5b72-635c-4956-9e1e-9a3f47964984,never,799,Clothing,537.15,North,2021-10-06
7d13983d-5132-4e1a-a08a-c3ed317d9f99,power,464,Electronics,391.01,North,2024-05-28
d0cf33dc-2555-49fb-ae1b-af54a05c74f1,sound,836,Groceries,887.22,West,2023-08-14
8e50490a-e6de-4bbd-8c3f-41611cb0f0cb,fly,729,Clothing,698.65,East,2021-11-20
bb6c374d-778b-4993-a021-97a1148af50c,guy,737,Furniture,298.16,East,2022-04-03
d8b8f6d7-d977-4d46-927c-62ce3bcc1667,environment,380,Clothing,580.21,East,2024-06-26
49ccbaa8-6576-4a01-9f53-202d6354a162,expect,105,Clothing,783.99,North,2020-01-09
67f8c633-3127-4aae-a9e5-77bbb9801f37,contain,429,Groceries,926.96,North,2021-05-18
7c5f47a2-a66d-4b1d-a755-94b72d3a32e2,meet,183,Groceries,789.98,South,2022-09-01
1178a42b-8eef-4b04-bb7b-fe56a931f14f,subject,771,Groceries,805.08,West,2024-07-29
2275e909-7f73-4472-96e2-aaef42cd6dfd,under,589,Furniture,433.21,South,2023-12-22
d826e8e9-1a76-48a5-b404-898217796a10,cultural,429,Electronics,528.45,West,2020-04-29
e6453a5e-4a5b-4090-b2fe-c1545e36f226,seem,72,Furniture,894.7,West,2021-01-21
64e34a53-afc9-4e07-9f95-4319a835537e,return,393,Groceries,635.45,South,2024-10-22
ababf7fb-d176-4406-abd0-e8e5cc77e390,may,821,Clothing,605.75,South,2020-07-02
56a41c55-7898-477a-945a-553416f64b0d,this,151,Electronics,335.32,East,2020-07-02
8b7b442e-4d37-494f-bc01-f79b0cc744de,scientist,568,Furniture,426.27,West,2023-12-30
c55f4d19-0907-4d72-9997-0d4f865ae281,stuff,499,Clothing,75.27,West,2021-06-30
6fa663cd-eb98-4ee6-b8b7-dc9f39533083,by,813,Groceries,470.84,North,2020-11-10
290cee64-7dde-4b06-9650-480511da3856,foot,747,Electronics,457.33,East,2022-10-05
9037a8b5-3b79-4957-92bf-de4254123203,level,398,Clothing,582.9,South,2020-06-23
9b04e128-ada4-41b8-b98c-f2c1a7625fc1,peace,120,Clothing,148.64,East,2021-07-07
009ca67d-f5b8-4a6e-b15b-3ec31615cc89,forward,556,Clothing,397.96,South,2022-11-23
34b3d5b0-e126-4781-99e8-9b707b4b6b65,space,553,Furniture,12.85,North,2022-10-01
c761b91a-c3de-4915-82bd-a266b9cb53b4,somebody,491,Groceries,414.6,South,2022-11-21
cb5b750e-1032-4e00-ba3a-41cdb8836de1,political,537,Electronics,915.36,West,2020-03-12
c720574a-f166-4254-9ac3-db57f9897653,certain,288,Clothing,56.74,West,2023-11-23
2c951926-2207-408a-9660-8ed2ecbad64d,nice,905,Electronics,236.97,North,2024-02-24
9c0e307a-8cb9-4789-8d69-3064d79a2e3e,world,932,Furniture,161.73,South,2022-11-13
3f27be9d-ab47-4537-b44c-af8beb712e56,class,709,Groceries,721.21,West,2023-04-23
f19c7175-49e6-4440-a6f4-3327e9e50182,purpose,556,Clothing,404.7,East,2020-08-20
78dd1e8e-b203-4053-8fb4-ab755de878da,sport,296,Furniture,122.2,South,2024-05-25
e4ca7e32-c35f-4859-b239-fc80147a0f70,task,224,Clothing,346.38,East,2023-08-31
83cec6f7-71d4-4330-923e-f94f6b37c9ce,actually,191,Electronics,177.55,West,2021-12-17
72f2d45c-8e83-4578-9d58-ab9387e51eef,discover,885,Electronics,262.21,East,2021-08-01
ca241bcd-2c3d-491e-81a4-7ab33740fcb5,laugh,130,Clothing,113.16,North,2020-11-14
3c9a00b2-5473-4797-9a38-e63657a05a4f,cover,978,Clothing,508.03,South,2020-12-10
0fe50f0b-ac10-4ab0-8921-2a63b4333898,fill,771,Electronics,630.4,North,2023-01-06
51516722-94d1-4d79-bc02-b422f20438ac,manage,4,Clothing,584.6,West,2023-08-11
384c4a2f-107d-4abe-9675-0e4efc3aecaf,citizen,949,Electronics,978.59,North,2021-05-03
ccce9675-16da-401d-b56b-1d6d4018382f,international,752,Clothing,924.19,South,2020-11-07
1fa85787-c76a-4e7c-b22a-2ddf10fab200,most,728,Groceries,299.67,East,2024-02-17
ed07fa6a-3fe3-4c41-b607-5c0cba7372b7,matter,745,Electronics,687.78,South,2025-02-18
385dca22-8735-49ae-ab12-f04802ef34c6,then,646,Electronics,832.81,East,2021-04-05
edd46170-5c3f-4032-807d-4ccfa69c9611,we,364,Furniture,678.83,South,2020-11-29
0aa29a9f-d90a-48b7-b6cf-ffcf01664390,camera,465,Electronics,471.24,East,2022-02-09
d7ee5d79-e4e5-4ef2-ab65-9e2c3afa8941,strong,136,Clothing,166.47,East,2024-01-18
2b31a951-caf0-44ca-8e63-28e7c80e44bb,attention,685,Furniture,295.97,South,2022-08-16
eb4b4e47-6fca-4ab4-aeae-b10bd2d1471e,impact,246,Furniture,806.76,West,2020-02-22
a290a815-1f8a-4acc-bac7-b750194ce0b1,thought,570,Clothing,271.31,West,2025-02-02
e54444b2-c1c4-4ff0-8254-d14ad13ecd88,baby,299,Electronics,101.73,West,2022-07-03
14590b39-edcf-49b5-952f-14c6c3f8daf9,only,862,Electronics,473.91,West,2021-03-05
c3889859-0ac8-4ed3-83fa-52c276c0a41c,into,705,Furniture,677.19,East,2022-02-10
37fec782-ad9a-40fa-9e0b-c9d33e009f82,field,165,Clothing,732.74,South,2025-01-30
6a03aca2-0bee-40f3-aa3f-fda51a74b0e8,approach,41,Clothing,617.67,West,2021-10-27
0a38a20a-a067-4a8e-ac4c-f3656fd450cd,Mrs,651,Groceries,978.74,West,2020-01-14
0f3c3e48-64bf-4bd3-9586-3cefbf55296b,else,447,Clothing,183.26,South,2022-03-12
154eca07-9ca8-433e-80de-c1650f098b41,professor,354,Electronics,723.08,West,2020-04-25
f55a45e7-d92d-44b8-9714-fd9efaba59b5,appear,253,Electronics,886.64,South,2024-09-03
dad9c4cc-0928-48de-a35b-ae5d36207dd2,know,848,Electronics,822.49,North,2024-12-18
890dbf58-030a-4167-b7cb-f9821d98bc85,its,463,Furniture,372.86,North,2023-05-04
31967697-d7a9-4a48-81bc-726acea1ebc3,cold,411,Clothing,118.8,North,2020-12-19
6e2b886b-2f04-4ef3-805c-3fc9ba3a9248,lose,480,Furniture,115.44,East,2022-01-09
f56b9900-2e73-4394-b9cd-60564b023989,foot,963,Electronics,326.29,East,2022-05-07
795769ea-b5a8-4f24-b19f-7aa5b06284f3,several,914,Clothing,729.68,East,2022-06-12
6e8fd168-de85-4b56-91bc-a243254e1dd0,speak,484,Furniture,705.8,West,2021-12-15
0aadb6d1-08b4-419f-8576-aacf65dd416a,air,274,Groceries,541.93,North,2022-02-20
4194db53-f909-4400-bbdb-ae96d3a23717,special,496,Furniture,450.47,East,2024-11-28
29e8c7ec-ee39-4408-8c3a-aac1ccff989b,still,32,Furniture,155.76,West,2024-07-13
0c30ef24-ac26-4dfc-81cd-255f585d25ec,any,942,Furniture,700.33,West,2022-04-02
7ff651cc-1d85-4983-bfae-6d04aaff7fbe,note,847,Electronics,299.25,West,2022-10-01
bfeb738e-9d4c-4d78-88a2-06ca5b33288e,back,841,Electronics,486.9,West,2023-10-09
967b0624-3969-4fea-a447-25ce0212e742,even,115,Groceries,605.5,East,2022-10-10
14d3a2b9-503b-4775-883a-f7283e5f0ff8,friend,199,Groceries,171.39,West,2025-02-05
f4871b18-4dd8-4943-961a-567858cdc4a4,focus,242,Electronics,319.83,North,2023-04-22
c9f9bbc0-93b6-4468-ab1f-61931882d295,big,240,Furniture,19.71,East,2021-02-24
bbe56b68-25de-4d04-8d3a-49bd1f752a3a,democratic,328,Clothing,11.93,West,2020-03-25
830528c4-6314-4500-9ab7-90a201d91ad5,within,230,Clothing,758.95,North,2021-10-17
cace64dd-04f5-4de8-aee0-425f6de2d014,action,232,Groceries,290.26,North,2023-07-04
1ce09a2c-2d53-44a0-a78a-8b662d038f43,right,364,Electronics,406.46,East,2021-03-29
439c66d1-a815-4499-a408-8271854e5b37,artist,583,Furniture,496.65,North,2022-02-07
fdc53000-919d-4884-8fc5-64c32659e236,born,993,Electronics,249.03,South,2024-07-19
41aed0b9-dd9f-4687-bf37-317d53f693f6,face,701,Electronics,517.23,South,2022-06-16
c0f409ed-35e0-498b-916d-62a98462ad24,discussion,790,Groceries,687.56,South,2022-08-25
b7abf3aa-be25-481f-b185-8bf2a1cfa572,American,753,Clothing,749.24,North,2020-02-29
91894a30-53b6-45fc-a9da-bc7d4ba6f76b,item,669,Electronics,427.64,West,2022-05-29
7bf48596-3a31-47c0-b903-db5770df3338,watch,448,Furniture,376.16,West,2021-10-27
932ed38e-277b-470c-8b94-51b8e17b3834,into,163,Groceries,103.68,South,2023-08-25
55ef3fc9-a7c2-4574-9dee-a1a8aceae025,strong,525,Clothing,19.66,East,2021-05-17
79bdfc09-7dec-4e57-ba8a-b662fd094b72,everything,362,Electronics,393.14,East,2023-02-25
2c2f5dfd-9c68-4a4e-8cf4-d183d92aab34,feel,252,Clothing,733.64,South,2024-02-18
6bb50597-13e1-474d-aa07-d1a5332ebadf,and,375,Electronics,477.24,South,2022-02-24
2de41588-9b8a-4c0d-9d5d-371dccaecaa3,act,128,Clothing,135.33,East,2021-11-09
4ddae878-cd4b-4166-ac29-1a069b237ac7,clearly,527,Furniture,980.41,East,2022-04-11
b74da579-a118-4b35-a914-7491718f16e1,late,91,Furniture,945.71,East,2023-10-04
56e1713a-3e1e-4a96-a42a-026f659c87a6,each,807,Electronics,544.34,South,2020-02-20
97489958-789f-48e2-8b65-5d3b1a8c4060,prepare,38,Clothing,286.72,West,2024-07-11
c3f98651-759e-4474-b7dc-b1f867e6efa2,produce,797,Electronics,589.05,South,2023-07-16
aa1da78b-cbaf-438d-b79d-d307b488a0f7,list,583,Clothing,827.08,East,2022-01-17
5b1fefd5-aad2-47ec-aad0-50bcf9457497,allow,68,Electronics,438.79,West,2022-11-03
8e0cb1ae-274b-4204-8227-d5d510146100,particular,440,Furniture,552.98,South,2020-08-26
eedee9a8-6fab-4516-8ee4-80e5b9ca6930,late,771,Furniture,823.98,West,2022-05-17
32bc0505-99d5-4546-8d71-99ba6694ad3f,trouble,298,Furniture,940.21,South,2024-04-03
340b335b-ae2d-4f30-957b-dcbc448b59e2,care,636,Groceries,820.11,North,2020-10-28
d10e364e-9405-4116-806e-911ea44fb657,middle,600,Clothing,88.38,East,2020-12-24
050de38d-9243-4cb3-b842-756f89a5b112,everybody,484,Groceries,524.4,East,2020-10-14
2dabc234-4dda-4b17-9113-bed62d2a6759,back,265,Furniture,275.38,North,2024-10-11
57b2342b-574f-47a1-8d8d-d7d0cf33445e,nearly,99,Furniture,762.63,South,2020-10-13
67c85b60-2c2b-470b-9b7c-962f8064d5c4,give,952,Electronics,897.41,East,2023-03-06
750092a4-5584-4cde-b37a-08e698331611,decade,265,Groceries,756.61,North,2024-05-20
cef03520-8961-4fb6-9cef-85361f153341,may,586,Clothing,285.26,East,2024-07-19
7234100c-d65d-415a-9e88-c5fbb12fbf43,player,812,Clothing,237.47,South,2020-01-04
92049215-89cc-44c4-a72c-cb80f80e9e70,leave,298,Groceries,152.32,East,2021-08-02
17daa938-35d5-4535-b96c-ca920925b30d,there,435,Clothing,677.86,West,2020-09-02
860ca74a-f57a-49ed-b51d-2d67619ff912,executive,936,Clothing,350.73,South,2025-03-15
4b09c64b-f271-429a-ab71-bd6f6d664b19,because,885,Clothing,399.69,East,2021-02-20
8a2151f1-b11d-4a8c-b4ac-61df559bea3e,alone,651,Clothing,643.2,North,2020-10-01
032343b7-a009-40f7-95a8-fe74ed74780b,something,806,Clothing,571.68,North,2020-01-19
29dca227-c606-4de5-b5de-39c9058b5f73,boy,236,Clothing,532.27,North,2025-01-28
05033bed-b081-46c4-b6bc-f0d844b5ca85,blue,586,Clothing,887.43,North,2021-05-05
4ac5e301-d37c-43f5-908c-50c489192798,former,768,Electronics,179.18,West,2020-05-10
5e699d02-a91a-4db9-b42e-b77b6c194dc7,area,734,Electronics,549.86,East,2023-11-02
99ddc995-81b4-40ea-8703-7d79d8731c2b,woman,430,Furniture,202.51,South,2023-05-23
5fa11517-029d-488c-ade3-214dacb2846c,the,413,Clothing,237.65,West,2021-03-06
1d52e6c0-e120-4db1-af4a-04ff4c374a27,how,765,Electronics,878.76,North,2025-02-14
f8e02e73-c112-4021-bf34-deeda9b6dc87,how,68,Clothing,893.68,South,2020-01-16
98a68e30-a917-4d10-a187-227a21316076,movie,999,Electronics,571.77,East,2024-02-19
a98a1182-afde-49f6-a1bc-386eb0a432e7,act,957,Clothing,859.42,South,2023-08-01
7362d991-65ae-4c11-b077-23e58f8cf9b3,include,439,Electronics,540.96,East,2022-08-17
e41abe53-8823-4072-bfe2-e1cc2d17cc9a,eight,452,Furniture,807.88,West,2020-05-25
10cd6ece-f2e4-4528-bdc2-e647689579d3,write,722,Electronics,355.92,South,2022-03-04
a90a17ed-a4a0-4b98-8358-8449d632fb09,one,890,Furniture,116.39,North,2022-08-03
f16297d6-9e29-4ed0-8af7-eb4d5415e35e,manager,800,Clothing,621.8,West,2023-05-21
fb2dbfd1-41f6-4206-a5a0-3c1d5ff49f22,our,580,Clothing,311.0,North,2024-09-24
bd61f53c-62e8-44d7-a5bd-b768d72e9f91,arm,369,Furniture,491.02,South,2021-01-14
648ddd58-2434-4bcc-b803-c91081c141f1,source,474,Furniture,695.23,South,2022-07-10
7c3ee79a-0617-4da8-ba57-fded49027a6d,recognize,781,Electronics,37.22,East,2020-06-22
c8e2fb10-7cf3-415e-a0f9-c390f6d625f8,forget,822,Electronics,14.58,West,2024-03-10
a3382f3b-561a-48c8-b462-46e86f5a8069,two,630,Groceries,301.92,South,2022-11-23
809ce0f6-4881-4259-b874-667e64a77f21,forward,647,Groceries,532.79,West,2021-04-15
fa3df7d0-566e-4aad-ac17-d79675501e1a,film,347,Groceries,886.48,South,2022-07-10
1cb48570-d87a-485f-b367-dfb5ba2480ae,to,484,Electronics,868.69,South,2022-09-10
03e76e24-7573-4986-927f-7354535b3d3c,present,784,Groceries,776.83,South,2023-02-04
f80fd790-7013-4063-9bcd-d06ca2b16b45,manage,618,Furniture,890.12,South,2025-03-05
df955868-4ff6-4bcc-b613-43a39472782a,military,622,Groceries,599.09,North,2023-07-19
01112224-879b-410b-80fc-a84548cfd66d,each,993,Groceries,618.86,East,2021-04-06
e75d893e-2bed-4ffe-b634-b777c4c3506e,investment,56,Furniture,498.95,West,2025-03-06
94c9200d-b648-4557-8684-e023233d9dbd,cell,786,Groceries,585.85,North,2021-08-19
c6b9879a-eab6-47a5-a1ae-98d0c76e3d58,miss,942,Electronics,40.98,West,2025-01-18
3a0d336a-d820-49c6-9304-8c68752e7c32,for,345,Furniture,535.6,South,2020-10-11
8f7f946a-5c59-42ee-a04d-bc4b9a30221c,add,944,Clothing,871.16,North,2020-08-06
e786647b-d8d1-42bd-8eaa-ab649081e2aa,strategy,15,Electronics,948.4,West,2024-10-09
61f6ce54-4ad2-4798-a04d-6573c697dd0d,soldier,815,Electronics,333.29,West,2020-02-01
dfc9201d-4d8e-4ae1-bcd4-7b2ee51120a1,general,16,Furniture,386.55,South,2024-04-03
4ab21aa0-1842-4d14-8dfb-18f06d1b46bf,long,549,Electronics,524.95,West,2022-12-26
7ed93c17-4d4c-43da-9fac-72823838a059,realize,108,Clothing,644.95,North,2024-12-26
c96cddca-2ba7-41d3-a0fa-fbe958ea6d0c,while,923,Groceries,645.25,North,2021-01-14
3d1b7abd-d47e-4976-b87d-49fd326dadd1,meeting,428,Electronics,66.24,South,2022-03-04
be41ddcc-9da3-457b-9f1f-111e6d1c7b64,across,591,Furniture,910.31,East,2024-02-29
54c172dc-1624-481a-a83c-e72792c3fd1e,condition,125,Furniture,153.2,North,2025-02-24
2d320e7e-1526-4913-89d9-e1a7cd348f3f,sense,976,Groceries,841.3,East,2023-09-13
38ef6e4c-196c-4895-91cf-eb7b4c352ed2,ability,628,Groceries,50.19,East,2024-01-08
0baee635-9769-45af-add1-ef6da81c849d,mind,51,Groceries,564.89,North,2023-05-09
d1510bee-61bf-404f-9cdb-78daeeac62d8,produce,722,Electronics,174.34,East,2022-06-28
26246964-dcef-4fa9-82cb-cf6d15aa5dd6,parent,930,Electronics,854.74,West,2021-01-03
a301c992-29bb-44d5-9484-c0b5e527bfe5,that,271,Clothing,527.6,West,2024-12-17
f075467d-d7d6-4771-93b4-9b6111c47303,admit,586,Furniture,60.59,South,2021-06-19
3d22ced3-c55d-451e-9e88-7f6451b9dbf7,bill,69,Furniture,944.9,East,2021-05-19
66c1af95-caa2-4e51-8f2a-86ab4e5c66d2,require,134,Electronics,536.13,South,2023-10-20
8a9d1433-cb39-4190-991c-8ff83e4c0187,group,794,Electronics,238.99,West,2022-09-09
62b7d12a-2a0b-4677-a4f9-4d5ceed7b2f5,chair,221,Clothing,25.51,West,2020-05-07
503591ab-1e55-470e-976f-9cbc8e7b8b9e,reality,858,Furniture,849.82,North,2021-04-24
6938d927-881f-4e21-aba1-0fa4cbd1b106,old,393,Electronics,919.28,East,2021-08-14
345662d7-31f1-4420-bf9c-0dde0d8b6070,against,857,Groceries,27.22,South,2023-06-07
d68671f9-47ab-45b1-91f2-5f14a83d417e,attack,490,Groceries,864.19,West,2021-08-16
de7d9f89-ffb0-45f4-bdc3-358ca41cbfcf,arm,297,Groceries,879.83,West,2020-01-24
acf20327-7dae-4b24-b59c-1d10ff03b57b,cold,319,Electronics,802.13,North,2021-11-23
adb96c3d-92cd-4f69-80f1-d4b3feb9f811,song,543,Clothing,400.09,West,2024-08-18
f112ae12-4697-4aca-8a5d-4e02849e7119,suffer,575,Electronics,12.49,West,2021-09-15
40968686-b669-4f39-b387-7019468a90cd,other,321,Electronics,149.97,North,2021-10-27
f01d933b-56f3-4a20-8581-e1d9b85c4b09,activity,119,Electronics,971.44,East,2020-03-18
f7b6ec34-0963-4d30-8dac-c8685b8d056f,generation,374,Groceries,220.6,North,2023-09-27
1cd0fe86-779b-4093-b6a1-258bacd64f60,region,103,Groceries,24.44,West,2020-04-23
a2bd882e-bc0c-4487-af93-5aa72ec9ef82,ability,438,Electronics,809.1,West,2020-02-21
e276cd33-ff7b-4a52-b661-c68314051fd2,billion,771,Electronics,736.26,South,2020-04-11
85f97cf0-bf76-4d5a-804e-923f19427b13,door,85,Groceries,906.57,North,2024-04-20
3b5a4074-b168-492d-aedb-de945b54cc9b,free,848,Groceries,993.07,South,2021-08-13
131a9b99-77bb-414a-ae5b-5af10e28be71,lay,285,Clothing,127.89,West,2021-12-30
a7e83c4d-5715-4bf1-9cb7-5aaa396ecf8e,allow,886,Groceries,553.03,South,2023-08-16
761dc18f-627f-479a-8acd-18d53ee386f7,road,70,Clothing,262.99,East,2021-02-26
80115b09-1f1e-4a31-b758-5fae95aa40b5,perform,510,Clothing,450.47,West,2021-10-02
8693ab75-3858-4335-8b9a-01c770934622,floor,955,Electronics,104.51,South,2025-03-17
6286b8b6-131e-4381-997a-c45d6ee71cc8,against,707,Clothing,861.02,South,2023-06-26
5a86eb1e-0694-4ce4-aff1-39a84fbe8b1f,purpose,428,Electronics,483.73,East,2021-07-30
483f052e-1fa2-4fd4-94f2-60cf081c70c9,too,357,Furniture,696.87,North,2024-01-04
65696b51-d0b1-4e7f-bdb7-5e7d54171ee2,dinner,92,Electronics,720.08,South,2024-11-04
4b6cd110-01fd-4833-83b2-5b2f4c787d62,knowledge,5,Clothing,433.11,North,2023-07-23
9ca88e2c-4f4d-42a8-8048-c492f9e68197,measure,689,Electronics,859.88,West,2022-11-06
486e3f86-7f03-4a9d-8e24-7af7a460581d,available,219,Electronics,400.81,North,2021-10-06
21528443-d951-42a8-91c7-a352f6f5651f,soon,212,Furniture,656.87,West,2021-09-11
4763973a-545c-4ba2-a293-be1f9a0e8ebf,you,46,Electronics,623.68,South,2022-05-21
42c73261-6f6a-491c-ab20-9266d3b7523b,so,312,Clothing,52.55,West,2024-07-07
0b88d3fb-80e4-4f9b-8001-a6ccb870e6b7,thus,774,Clothing,281.67,North,2020-10-23
ba1be18e-8bb2-4806-8157-56463ad093c5,of,423,Furniture,828.46,North,2021-05-17
bc5f91dc-de37-4ba9-84f3-c677ac82838a,sort,219,Clothing,674.6,East,2025-01-23
8dd3bd1b-2e8f-434c-9462-3c3f05ecf136,specific,637,Electronics,978.17,East,2020-12-13
a2a460e5-38db-416e-ba09-d73a10dd12c3,charge,15,Furniture,725.91,North,2021-01-03
8c73efeb-5bcc-499c-9a33-d688626f0dd2,term,539,Furniture,226.08,North,2020-01-05
13beabcb-6f8b-4064-978c-52f64fa8bbfd,consider,484,Groceries,887.29,South,2020-12-07
4d680e5e-3695-484e-8d61-3be74e50b41c,give,964,Furniture,898.48,East,2025-01-15
1d50536c-ae81-4f66-8a63-5edb57f752c5,our,63,Clothing,612.38,North,2021-01-21
d3d7e7ba-bb55-4fa9-b563-d3534a078214,affect,529,Electronics,348.68,West,2021-02-09
584f411b-bf36-437e-8872-c6267057580f,professional,219,Clothing,774.65,South,2023-05-25
0065501c-6f08-4e4b-97d4-e5d21a206075,what,452,Electronics,528.43,East,2020-07-29
a9b336a5-bc69-44d9-b404-ef9f97d56f24,during,73,Clothing,717.63,West,2022-05-08
c0609004-0356-439c-aa73-2178ffb2962c,entire,346,Furniture,361.69,South,2023-12-22
e2d25576-0661-4843-9efe-c059474de2ca,suddenly,528,Electronics,782.74,North,2021-02-24
e8c1790f-8963-4a69-8833-282cbdd86ac7,become,553,Clothing,341.99,East,2022-01-07
88299b49-d786-499d-abd9-789e60422268,central,432,Clothing,16.87,South,2021-05-17
d7e1caaa-737c-42f5-b3a6-e3100acc2c69,approach,594,Clothing,277.58,West,2024-09-18
67a669ad-a766-4221-919e-1d29bbd6cac9,sense,155,Electronics,400.61,West,2022-08-04
c9f78e44-1433-44b4-a397-81e140507c91,including,50,Groceries,507.93,West,2025-02-12
c4e44019-c087-49f7-8844-b0ed4bf3ad3f,research,721,Electronics,210.67,West,2021-05-02
b3d1a322-3d58-4ea3-ac5b-bd04de21bea2,with,630,Electronics,249.59,West,2023-09-14
09b2912d-5b45-4d54-9287-5545d8e85d70,apply,890,Clothing,309.94,North,2022-09-28
3919e2b0-c83d-4ef7-88b8-34ee1dd7e389,color,116,Furniture,809.39,South,2022-10-15
ef1e11f8-822c-4692-9e8c-4db4ede4c6df,cell,118,Furniture,373.46,West,2022-08-25
e12376a8-20b2-4ea4-b32b-011eb270aaac,position,343,Furniture,55.04,South,2024-05-30
1ef8f5b1-032a-41f7-ac01-d94f321b5bee,law,782,Furniture,813.49,South,2021-12-24
e69cda66-151c-4ae9-9ecd-627bc8d93029,low,782,Groceries,160.11,South,2024-06-29
5b780d1f-2e81-40e3-a514-98798b6b7c36,money,78,Furniture,895.02,West,2024-05-06
8f78aeef-62ab-453b-ac66-40f5023f9003,business,83,Groceries,567.73,North,2022-12-19
9aa79e8b-4671-4f70-8880-64048288d14c,church,804,Clothing,245.94,West,2024-07-10
b1fe17cd-ac4f-494e-9725-873f6a308547,blood,614,Clothing,304.2,West,2020-10-11
da5f3a5a-8991-4301-8cae-949ca0992f2a,reveal,793,Groceries,769.79,South,2021-10-26
d1e5912d-54b6-4214-8253-720c22e5eefc,finally,383,Furniture,926.44,North,2021-02-24
d31bf0fb-0195-43f9-bd3e-39c172899672,avoid,541,Groceries,585.26,East,2023-01-07
3b010678-e7ae-4287-930e-f62c1cbd9fb3,sea,234,Furniture,100.1,East,2024-11-30
9d90e352-012e-4ed5-b58a-eaf4c6808dc6,back,502,Electronics,607.68,East,2024-10-01
071198c1-06d0-45a6-81d7-f4eed8ae996d,size,975,Groceries,144.83,North,2021-10-14
10fd1e2d-e4cc-4af5-8823-4ebca1725fff,experience,908,Groceries,443.01,West,2021-11-17
78168f0e-16b2-4175-8383-52d7173578d2,career,401,Clothing,509.38,North,2020-09-23
bbd7a71d-630e-460a-988e-8f55e83c1431,amount,205,Clothing,807.06,South,2021-01-09
45b3c8e2-411b-4219-a89e-3fbc78efdbcd,out,891,Groceries,763.88,South,2022-09-07
9662e805-d42e-47c1-9ccf-3280cbc818eb,question,704,Clothing,191.54,East,2021-12-28
3fe8b9f3-373c-4734-81b8-482b6eb0a2f8,production,755,Furniture,639.22,East,2021-08-08
04f1cedd-dfa3-4a92-9294-dad4dcd10808,near,715,Furniture,710.42,South,2022-07-26
311493cd-e3ab-46dc-8917-39795c014ff2,unit,198,Groceries,578.41,West,2024-10-08
2e96f465-b9b1-4b02-add7-cf3e990be4b5,relate,856,Clothing,624.51,East,2022-09-11
001252ac-f944-4c61-a578-7f67f02274d3,single,768,Electronics,21.97,South,2021-11-16
06dff053-90c0-4e1c-8094-64c043b3786e,during,524,Electronics,110.94,West,2020-12-07
e99bf841-5b80-4d92-a2b5-a2f85b3e7ac4,seem,911,Clothing,883.81,East,2022-10-11
834e6fd1-8982-4ac2-86f9-222eb386926e,inside,431,Electronics,15.87,North,2020-02-08
acfbaa9a-4c49-4dbd-88fb-d5fe0e84863f,individual,734,Electronics,252.15,East,2020-09-08
9be8b83d-d056-4556-85f7-5689eacfc07a,choose,42,Electronics,705.15,South,2022-06-03
85f4eac4-d21e-4cfe-82de-8ade8354d250,charge,329,Electronics,854.4,South,2024-02-03
7f7e53aa-1de1-4345-945b-bd62b101b827,week,643,Groceries,363.58,East,2020-11-10
ee460cf9-b1d1-4125-815f-b330867575c8,expect,248,Clothing,224.26,North,2021-06-16
f41de4cf-bada-4834-a316-e2ff47af9a01,exactly,900,Furniture,98.03,West,2023-12-06
7b61dccc-b602-45f3-a3cb-d8b761b2834b,drug,550,Furniture,866.0,South,2021-05-29
b9303709-5205-4d66-b8fb-02d0f5a82de6,beyond,275,Clothing,671.27,South,2023-07-12
927e04b9-c94c-4f3b-93f0-85333e018921,group,941,Furniture,367.68,West,2022-10-31
23907553-5482-46b2-913b-55ff2086bd93,impact,662,Furniture,883.14,South,2024-10-24
ae8a4c8a-eae4-4574-adf1-01e185550b38,about,879,Clothing,189.09,West,2020-05-21
6054a243-7a1e-4c08-b670-484af50ab2f4,policy,868,Groceries,422.84,North,2022-01-27
44e91705-b51d-4d39-98de-d23b447f71df,room,434,Groceries,206.13,East,2022-12-23
b9ae2ffa-df40-4b6e-a995-1941463fd330,table,526,Furniture,863.03,East,2022-01-28
85d81dda-746b-4a06-a25c-507c35bcb0fd,build,868,Groceries,137.66,West,2020-12-24
df3783d3-be9c-4dc0-85e8-2c83320715b3,interview,262,Clothing,645.36,North,2022-11-04
3f4293de-0cea-440f-921d-f225842a68dd,nearly,254,Furniture,951.92,West,2023-12-12
28cbb3c2-1e31-4dc7-801d-85c8ef81ff2f,wear,17,Groceries,740.7,West,2023-10-04
a4f607db-fe83-41c8-a53a-96b64bf544b7,candidate,889,Furniture,190.35,North,2020-05-18
2f4b4ae9-e5cc-4cea-8235-4e4b64158b44,design,399,Electronics,80.26,North,2022-09-23
d26d71c6-1933-4ed7-b3a7-9936c5311bb1,Mrs,808,Furniture,670.33,South,2024-01-24
